id;kode_barang;jenis;kategori_barang;nama_barang;qty;isi;harga_barang;grosir_1;grosir_2;grosir_3
1;1;ind;provi;PROVI A LED 3W;PCS;;5750;7500;;
2;2;ind;provi;PROVI A LED 5W @10;PCS;;6750;10000;;
3;3;ind;provi;PROVI A LED 7W @10;PCS;;7950;11500;;
4;4;ind;provi;PROVI A LED 9W @10;PCS;;9000;12500;;
5;5;ind;provi;PROVI A LED 12W @10;PCS;;10450;15500;;
6;6;ind;provi;PROVI A LED 15W @10;PCS;;12700;17750;;
7;7;ind;provi;PROVI A LED 18W @5;PCS;;15400;22500;;
8;8;ind;provi;PROVI A LED 21W @5;PCS;;20700;27500;;
9;81;edi;ae umum;PROVI A LED 5W @10;PCS;;6750;8000;;
10;82;edi;ae umum;PROVI A LED 7W @10;PCS;;7950;9000;;
11;83;edi;ae umum;PROVI A LED 9W @10;PCS;;9000;10000;;
12;84;edi;ae umum;PROVI A LED 12W @10;PCS;;10450;11500;;
13;85;edi;ae umum;PROVI A LED 15W @10;PCS;;12700;14500;;
14;86;edi;ae umum;PROVI A LED 18W @5;PCS;;15400;17500;;
15;87;edi;ae umum;PROVI A LED 21W @5;PCS;;20600;23500;;
16;9;ind;provi;PROVI T LED 5W @10;PCS;;6000;8500;;
17;10;ind;provi;PROVI T LED 10W @10;PCS;;7950;10500;;
18;101;edi;ae;PROVI T LED10W @10;PCS;;7900;12500;;
19;11;ind;provi;PROVI T LED 15W @10;PCS;;12000;15500;;
20;12;ind;provi;PROVI T LED 20W @10;PCS;;15400;22500;;
21;13;ind;provi;PROVI T LED 30W @5;PCS;;21600;30000;;
22;14;ind;provi;PROVI T LED 40W;PCS;;32700;40000;;
23;15;ind;provi;PROVI T LED 50W;PCS;;39400;50000;;
24;16;ind;provi;PROVI T LED 60W;PCS;;47600;60000;;
25;161;edi;ae umum;PROVI T LED 5W @10;PCS;;6000;7000;;
26;162;edi;ae umum;PROVI T LED 10W @10;PCS;;7900;9000;;
27;163;edi;ae umum;PROVI T LED 15W @10;PCS;;12000;14500;;
28;164;edi;ae umum;PROVI T LED 20W @10;PCS;;15400;20500;;
29;17;cm;ae;PROVI T 30W @5;PCS;;21600;35000;;
30;170;edi;ae umum;PROVI T 40W;PCS;;32700;45000;;
31;171;edi;ae umum;PROVI T 50W;PCS;;39400;55000;;
32;172;edi;ae umum;PROVI T 60W;PCS;;47500;65000;;
33;173;edi;ae umum;PROVI A LED 25W @5;PCS;;23000;30000;;
34;174;edi;ae umum;PROVI A LED 5W @10;PCS;;6750;8500;;
35;175;edi;ae umum;PROVI A LED 7W @10;PCS;;7900;9500;;
36;176;edi;ae umum;PROVI A LED 9W @10;PCS;;9000;10500;;
37;177;edi;ae umum;PROVI A LED 12W @10;PCS;;10450;12500;;
38;178;edi;ae umum;PROVI A LED 15W @10;PCS;;12700;15500;;
39;179;edi;ae umum;PROVI A LED 18W @5;PCS;;15400;18500;;
40;18;edi;ae;PROVI A LED 21W @5;PCS;;20700;25500;;
41;180;edi;ae umum;SURYA LED MAJIC 9W @5;PCS;;24499;30000;;
42;181;edi;ae umum;PROVI MAJIC LED 9W@10;PCS;;22500;23500;;
43;182;edi;ae umum;PROVI MAJIC LED 12W@10;PCS;;25000;26000;;
44;183;edi;ae umum;PROVI MAJIC LED 18W@10;PCS;;28000;29000;;
45;184;edi;ae umum;PROVI MAJIC LED 9W@10;PCS;;22500;35000;;
46;185;edi;ae umum;PROVI MAJIC LED 12W@10;PCS;;25000;35000;;
47;1856;cm;ac;SURYA LED MAJIC 12W @5;PCS;;27000;32500;;
48;186;edi;ae umum;PROCI MAJIC LED 18W@10;PCS;;28000;45000;;
49;187;edi;ae;PROVI MAJIC LED 18W@10;PCS;;28000;40000;;
50;188;cm;ac;SURYA LED MAJIC 18W @5;PCS;;30000;35000;;
51;191;edi;ae umum;LAKU LED 5W@10;PCS;;3000;3250;;
52;192;edi;ae umum;LAKU LED 10W@10;PCS;;3900;4250;;
53;193;edi;ae umum;LAKU LED 15W@10;PCS;;5000;5250;;
54;194;edi;ae umum;LAKU LED 20W@10;PCS;;6000;6250;;
55;195;edi;ae umum;LAKU LED 30W@5;PCS;;8400;8750;;
56;196;ind;laku;LAKU LED 5W@10;PCS;;3000;4500;;
57;20;ind;laku;LAKU LED 10W@10;PCS;;3900;6500;;
58;21;ind;laku;LAKU LED 15W@10;PCS;;5000;7500;;
59;22;ind;laku;LAKU LED 20W@10;PCS;;6000;8500;;
60;23;ind;laku;LAKU LED 30W@5;PCS;;8400;10500;;
61;24;ind;laku;LAKU LED 40W;PCS;;17500;22500;;
62;25;ind;laku;LAKU LED 5W@10;PCS;;3000;4000;;
63;26;ind;laku;LAKU LED 10W@10;PCS;;3900;6000;;
64;27;ind;laku;LAKU LED 15W@10;PCS;;5000;8500;;
65;28;ind;laku;LAKU LED 20W@10;PCS;;6000;10000;;
66;29;ind;laku;LAKU LED 30W@5;PCS;;8400;11500;;
67;30;ind;laku;LAKU PLATINUM LED 5W;PCS;;5100;7500;;
68;31;ind;laku;LAKU PLATINUM LED 7W;PCS;;5950;8500;;
69;32;ind;laku;LAKU PLATINUM LED 9W;PCS;;6850;9500;;
70;33;ind;laku;LAKU PLATINUM LED 12W;PCS;;7850;10500;;
71;34;ind;laku;LAKU PLATINUM LED 15W;PCS;;9550;12500;;
72;35;ind;laku;LAKU PLATINUM LED 18W;PCS;;11850;15000;;
73;36;ind;laku;LAKU PLATINUM LED 21W;PCS;;15000;20000;;
74;37;ind;laku;LAKU LED 5W.@10;PCS;;3000;3750;;
75;38;ind;laku;LAKU LED 10W.@10;PCS;;3900;4750;;
76;39;ind;laku;LAKU LED 15W.@10;PCS;;5000;6500;;
77;40;ind;laku;LAKU LED 20W@10;PCS;;6000;7500;;
78;41;ind;laku;LAKU LED 30W.@5;PCS;;8400;9000;;
79;42;edi;laku;LAKU LED 10W@10;PCS;;3900;5000;;
80;43;edi;ae;LAKU LED 10W @10;PCS;;3900;5500;;
81;431;cm;ac umum;PHILIPS LED ESENTIAL 3W@12;PCS;;14490;17500;;
82;432;cm;ac umum;PHILIPS LED ESENTIAL 5W@12;PCS;;17955;22000;;
83;433;cm;ac umum;PHILIPS LED ESENTIAL 7W@12;PCS;;20475;25000;;
84;434;cm;ac umum;PHILIPS LED ESENTIAL 9W @12;PCS;;24570;30000;;
85;435;cm;ac umum;PHILIPS LED ESENTIAL 11W @12;PCS;;31500;38500;;
86;436;cm;ac umum;PHILIPS LED ESENTIAL 13W @12;PCS;;37485;45500;;
87;437;cm;ac;PHILIPS LED ESENTIAL 15W @12;PCS;;42840;52500;;
88;44;ind;philips;PHILIPS ESENTIAL 11W@12;PCS;;33930;40000;;
89;45;ind;philips;PHILIPS ESENTIAL 14W;PCS;;36512;44000;;
90;451;cm;ac;PHILIPS ESENTIAL 5W;PCS;;28500;35000;;
91;452;cm;ac;PHILIPS ESENTIAL 8W;PCS;;32500;40000;;
92;46;ind;philips;PHILIPS ESENTIAL 18W;PCS;;38695;46500;;
93;47;ind;philips;PHILIPS ESENTIAL 23W;PCS;;44982;55000;;
94;48;ind;philips;PHILIPS STRANG 5W;PCS;;21097;25000;;
95;49;ind;philips;PHILIPS STRANG 8W;PCS;;22648;26500;;
96;50;ind;philips;PHILIPS STRANG 11W;PCS;;24510;28750;;
97;51;ind;philips;PHILIPS STRANG 18W;PCS;;30405;35500;;
98;52;ind;philips;PHILIPS STRANG 23W;PCS;;33817;40000;;
99;53;ind;philips;PHILIPS TORNADO 5W;PCS;;39780;47000;;
100;54;ind;philips;PHILIPS TORNADO 8W;PCS;;41884;48800;;
101;55;ind;philips;PHILIPS TORNADO 12W;PCS;;42030;49700;;
102;56;ind;philips;PHILIPS TORNADO 15W;PCS;;44982;53100;;
103;57;ind;philips;PHILIPS TORNADO 20W;PCS;;48400;57500;;
104;58;ind;;PHILIPS TORNADO 24W;PCS;;51812;60500;;
105;59;ind;;PHILIPS HELIX 35W;PCS;;67200;81500;;
106;60;ind;;PHILIPS HELIX 45W;PCS;;72000;85000;;
107;61;ind;;PHILIPS HELIX 55W;PCS;;83758;98500;;
108;62;ind;;PHILIPS LED 3W;PCS;;20075;24500;;
109;63;ind;;PHILIPS LED 4W@12;PCS;;23985;31500;;
110;64;ind;;PHILIPS LED 6W@12;PCS;;27495;36000;;
111;65;ind;;PHILIPS LED 8W@12;PCS;;31300;41000;;
112;66;cm;;PHILIPS LED 10W@12;PCS;;35400;46500;;
113;67;ind;;PHILIPS LED 12W@12;PCS;;42700;56000;;
114;68;ind;;PHILIPS LED 14,5W@6;PCS;;48850;64000;;
115;69;ind;;PHILIPS LED 19W@6;PCS;;67570;88500;;
116;691;cm;;PHILIPS LED 19W @6;PCS;;67567;85239;;
117;692;cm;;PHILIPS LED 13W PAKET 3+1;PAK;;264495;343500;;
118;693;cm;;PHILIPS LED 17W PAKET 3+1;PAK;;303072;393600;;
119;694;cm;;PHILIPS LED 24W PAKET 3+1;PAK;;145915;189500;;
120;70;ind;;PIOLIONE PLC LED 20W;PCS;;5950;7500;;
121;71;ind;;PIOLINE 5W SUPER HIPER PS47;PCS;;2150;3000;;
122;72;ind;;PIOLINE LED 5W;PCS;;3000;4000;;
123;73;ind;;PIOLINE LED 10W;PCS;;3850;5500;;
124;74;ind;;PIOLINE LED 15W;PCS;;5000;6500;;
125;75;ind;;PIOLINE LED 20W;PCS;;6000;7500;;
126;76;ind;;PIOLINE LED 30W;PCS;;8750;10500;;
127;77;reg;;QUANTUM REGULATOR AMPER;PCS;;49500;57500;;
128;78;reg;;QUANTUM REGULATOR POLOS;PCS;;39500;45500;;
129;79;reg;;QUANTUM REGULATOR PUTAR AMPER;PCS;;65000;75000;;
130;80;reg;;QUANTUM REGULATOR POLOS;PCS;;57500;67500;;
131;81;reg;;WIN GAS REGULATOR AMPER;PCS;;46500;55000;;
132;82;reg;;WIN GAS REGULATOR POLOS;PCS;;45000;50000;;
133;83;reg;;WIN GAS REG AMPER PUTAR;PCS;;71500;80000;;
134;84;reg;;WIN GAS REGULATOR POLOS PUTAR;PCS;;63500;70000;;
135;85;reg;;CAISAR REGULATOR AMPER;PCS;;32500;40000;;
136;86;reg;;CAISAR REGULATOR POLOS;PCS;;27500;35000;;
137;87;reg;;STARCEM REGULATOR POLOS;PCS;;81500;100000;;
138;88;reg;;STARCEM REGULATOR AMPER;PCS;;92500;115000;;
139;89;reg;;MFU REGULATOR POLOS;PCS;;27500;35000;;
140;90;reg;;REGULATOR AMPER;PCS;;40000;45000;;
141;91;reg;;QUANTUM SELANG KOMPLIT;PCS;;75000;85000;;
142;92;reg;;QUANTUM SELANG POLOS;PCS;;32500;40000;;
143;93;reg;;WIN GAS SELANG KOMPLIT;PCS;;69000;80000;;
144;94;reg;;WIN GAS SELANG KOMPLIT;PCS;;69000;77500;;
145;95;reg;;CAISAR SELANG POLOS;PCS;;23000;30000;;
146;96;reg;;SELANG POLOS;PCS;;23500;30000;;
147;961;cm;;WIN GAS SELANG POLOS;PCS;;29000;37500;;
148;97;reg;;MIYACO SEALNG KOMPLIT AMPER;PCS;;70000;80000;;
149;98;reg;;CINCIN SELANG;PCS;;650;2000;;
150;981;Iind;;CINCING SELANG KUPING;PCS;;1250;2500;;
151;100;kpr;;BARNER KOMPOR TEBAL;PCS;;11000;17500;;
152;1000;cm;;0;PCS;;470500;495000;;
153;1002;Iind;;LILIN BAKAR KECIL;PAK;;55000;70000;;
154;1003;Iind;;LILIN BAKAR BESAR;PAK;;65000;80000;;
155;101;kpr;;BARNER TIPIS;PCS;;5000;10500;;
156;1010;a m aman;;KAWAT TALI BETON @25KG;PCS;;12600;14500;;
157;1011;a m aman;;KAWAT PUTIH 14;PCS;;700000;800000;;
158;1012;a m aman;;KAWAT PUTIH 16;PCS;;775000;850000;;
159;1013;a m aman;;KAWAT SENG PUTIH BWG 18;PCS;;425000;475000;;
160;1014;aman;;KAWAT SUNG BWG 20;PCS;;425000;475000;;
161;1015;a m aman;;KAWAT BWG PUTIH 25;PCS;;450000;500000;;
162;1016;a m aman;;ISOLASI UNIBEL ROL;PCS;;2100;3000;;
163;10175;a m aman;;KRAN AIR GRT 1/2'' BALING @12;PAK;;84000;102000;;
164;10177;a m aman;;KRAN AIR KODAI @12;PCS;;6000;8500;;
165;1018;a m aman;;PROFIT BAJARINGAN 10X19;PAK;;155000;165000;;
166;1019;a m aman;;APUR PVC VPR;PCS;;11500;12500;;
167;102;kpr;;TUNGKU KOMPOR SEGI 4;PCS;;11000;17500;;
168;1020;edi;;KABEL NYM 2X1,5 200Y DAITO;PCS;;270000;350000;;
169;1021;a m aman;;WD POTONG @20;PCS;;2500;2750;;
170;1022;a m aman;;WD POTONG @20;PCS;;2500;2650;;
171;10221;a m aman;;GURINDA TEBAL @25;PCS;;6500;7500;;
172;10221`;a m aman;;KIKIR VPR 4'' @12;PAK;;37500;50000;;
173;10222;a m aman;;KIKIR INDIA 12'' @12;PAK;;800000;850000;;
174;10223;a m aman;;WD GURINDA TEBAL @25;PCS;;9000;10000;;
175;1023;a m aman;;LEM DEXTONE TETES;PCS;;5500;7500;;
176;1024;a m aman;;LEM DEXTONE 5 MENIT;PAK;;142500;175000;;
177;1025;a m aman;;LEM DEXTONE SUPER GLUE;PCS;;15000;21000;;
178;1026;a m aman;;KARBIT MDQ @25;DUS;;675000;750000;;
179;1027;a m aman;;KARBIT BUBUK POWDER @10KG;DUS;;237500;285000;;
180;1028;a m aman;;LEM SILICONRED KECIL;PAK;;95000;114000;;
181;10281;a m aman;;LEM SILICONE BOTOL DEXTONE;PCS;;28500;35000;;
182;10282;a m aman;;TEMBAKAN LEM SILICONE BOTOL TEBAL;PCS;;17500;22500;;
183;10283;a m aman;;TEMBAKAN LEM SILICONE TIPIS;PCS;;15000;20000;;
184;10284;a m aman;;LEM KACA KECIL;PAK;;90000;120000;;
185;1029;a m aman;;AMPELAS BULAT 100 @100;PAK;;30000;35000;;
186;10291;a m aman;;AMPELAS BULAT 80 @100;PAK;;30000;35000;;
187;103;kpr;;TUNGKU KOMPOR SEGI 6;PCS;;11000;17500;;
188;1030;a m aman;;AMPELAS ROL 80;PCS;;135000;175000;;
189;1031;a m aman;;AMPELAS ROL 100;PCS;;135000;200000;;
190;1032;a m aman;;AMPELAS ROL 150;PCS;;135000;175000;;
191;10321;a m aman;;AMPELAS ROL 180;PCS;;135000;175000;;
192;10322;a m aman;;AMPELAS ROL 220;PCS;;135000;175000;;
193;10323;a m aman;;AMPELAS ROL 240;PCS;;135000;175000;;
194;10324;a m aman;;AMPELAS ROL 320;PCS;;135000;175000;;
195;10325;a m aman;;AMPELAS ROL 400;PCS;;135000;175000;;
196;10326;a m aman;;AMPELAS ROL 360;PCS;;135000;175000;;
197;1033;a m aman;;TATAKAN AMPELAS BULAT;PCS;;3000;4000;;
198;10331;a m aman;;AMPELAS DUKO 80/100/150/180/240/320/400;PCS;;3500;4000;;
199;1034;a m aman;;LEM FOX TIKUS;PAK;;115000;138000;;
200;1035;a m aman;;KOAS 1/2'';PAK;;15000;21000;;
201;1036;a m aman;;KOAS 1'' GRT;PAK;;11000;15000;;
202;1037;a m aman;;KOAS 1'' GRT;PAK;;11000;14000;;
203;1038;a m aman;;KOAS 1,1/2'' GRT;PAK;;16500;21000;;
204;1039;a m aman;;KOAS 2'' GRT;PAK;;22000;28000;;
205;1039;a m aman;;KOAS 2'' GRT;PAK;;22000;30000;;
206;104;reg;;PENJEPIT REULATOR;PCS;;17500;22500;;
207;104;a m aman;;ENGSEL GRT 3'';PAK;;90000;120000;;
208;104,,;a m aman;;ENGSEL GRT 4'';PAK;;120000;140000;;
209;1040;a m aman;;KOAS 2,1/2'' GRT;PAK;;27500;35000;;
210;1041;a m aman;;KOAS 3'' GRT;PAK;;33000;42000;;
211;10411;a m aman;;ENGSEL KUPU 1,5'' TIPIS @12;PAK;;6000;7500;;
212;1042;a m aman;;KOAS 4'' GRT;PAK;;40000;55000;;
213;1043;a m aman;;BULU ROL SUDUT KECIL;PAK;;12500;18500;;
214;1044;a m aman;;LEM AIBON;PCS;;11500;12500;;
215;1045;a m aman;;LEM CASTROL TANGGUNG;PAK;;62500;78000;;
216;1047;a m aman;;BULU ROL STANDAR BESAR @12;PAK;;115000;125000;;
217;1048;a m aman;;GEMBOK PANJANG 60MM;PCS;;13200;17500;;
218;1049;a m aman;;LAKBAN GYPSUN LEM;PCS;;4000;5000;;
219;105;iso;;ISOLASI HITAM GOLTIPE;PCS;;625;1000;;
220;1050;a m aman;;LAKBAN MORSBAND 5CM;PCS;;47500;60000;;
221;1051;a m aman;;PENSIL MAHKOTA;PAK;;11000;15000;;
222;1052;a m aman;;PENSIL MAHKOTA;DUS;;35000;45000;;
223;1053;a m aman;;BAUD RUPING 5CMX400;PAK;;140000;160000;;
224;1054;a m aman;;BAUD RUPING 7CMX200;PAK;;110000;125000;;
225;1055;a m aman;;KOAS ROL SUDUT KECIL;PAK;;50000;60000;;
226;1056;a m aman;;SELANG ROL TBL C1/4''X100;PCS;;230000;275000;;
227;10561;a m aman;;KOAS ROL GRT @12;PCS;;17500;20000;;
228;10563;a m aman;;KOAS ROL GRT @12;PAK;;210000;225000;;
229;10564;a m aman;;KOAS ROL GRT @12;PAK;;210000;220000;;
230;10565;a m aman;;KOAS ROL STANDART;PAK;;175000;200000;;
231;1057;a m aman;;PENGKI SAP HITAM;PCS;;10000;11500;;
232;1057;a m aman;;PENGKI SAP HITAM;PCS;;11000;11750;;
233;1058;a m aman;;TINER BOTOL SD;PCS;;3800;4750;;
234;1058;a m aman;;TINER BOTOL SD @70;PCS;;3850;4500;;
235;10581;a m aman;;SPERTUS BOTOL @70;PCS;;3250;4500;;
236;106;iso;;ISOLASI NITO DUS;PCS;;7000;8000;;
237;1060;a m aman;;SEALTIPE NIKO;PAK;;19500;27000;;
238;1061;a m aman;;SEALTIPE GRT;PCS;;1350;1500;;
239;1062;a m aman;;WATERPLAS BISON 18'';PCS;;30000;40000;;
240;1064;a m aman;;WATERPLAS BISON 24'';PCS;;35000;50000;;
241;1065;a m aman;;SELANG WATERPLAS 1/4X100;PCS;;222500;250000;;
242;1066;a m aman;;KRAN BESI VPR 1/2'';PAK;;78000;108000;;
243;1067;a m aman;;KRAN BESI VPR 1/2'';PAK;;78000;114000;;
244;1068;a m aman;;METERAN 3M VPR;PAK;;60000;75000;;
245;10681;a m aman;;KRAN BESI APP/VIPER 1/2'' @12;PCS;;7000;9500;;
246;10682;a m aman;;KRAN BESI 1/2'' PJG @12;PCS;;11000;13000;;
247;10683;a m aman;;KRAN BESI 1/2'' PJG @12;PCS;;11500;13500;;
248;1069;a m aman;;BAUD PROFIT 10X19 / 1000;PAK;;150000;165000;;
249;10691;a m aman;;BAUD SPANDEK 7CM PROFIT;PAK;;110000;130000;;
250;10695;a m aman;;FLAT DIST 120;PAK;;40000;50000;;
251;10696;a m aman;;FLAT DIST 60;PAK;;40000;55000;;
252;10697;a m aman;;FLATDIST 150;PAK;;40000;55000;;
253;1070;a m aman;;METERAN 5M VPR;PAK;;80000;95000;;
254;1071;a m aman;;KRAN AIR 1/2'' EIFFEL;PCS;;3750;6000;;
255;10710;a m aman;;KRAN AIR TRANSPARAN 1/2''@24;PCS;;3333;6000;;
256;10711;a m aman;;KRAN AIR 1/2'' EIFFEL;PAK;;42500;50000;;
257;10712;a m aman;;KRAN AIR EIFFEL 1/2'' @12;PAK;;42500;60000;;
258;10713;a m aman;;KRAN AIR GRT BALING @12;PAK;;84000;96000;;
259;10714;a m aman;;KRAN AIR HSS 1/2'';PCS;;4000;7500;;
260;10715;a m aman;;KRAN AIR BESI HSS 1/2'' @12;PCS;;11000;13500;;
261;10716;a m aman;;KRAN AIR KODAI STANLES @12;PCS;;17500;25000;;
262;10717;a m aman;;KRAN AIR KUNINGAN 1/2'' @12;PCS;;7000;9500;;
263;1072;a m aman;;KRAN AIR BALING TRANSPARAN;PAK;;45000;60000;;
264;1073;a m aman;;KRAN HDX DUS SINGEL;PCS;;6500;8500;;
265;1074;a m aman;;KRAN HDX BALING 1/2'' DUS;PCS;;6500;8500;;
266;1075;a m aman;;KRAN AIR 1/2'' EIFEEL;PCS;;3333;5000;;
267;1076;a m aman;;KRAN AIIR EIFEEL PUTAR @12;PCS;;5850;7500;;
268;108;iso;;ISOLASI KADO;PAK;;5000;6500;;
269;1085;edi;;LEM BOTOL KOREA TETES;PCS;;2820;3500;;
270;1086;edi;;LEM SUPERGLUE JASCO;PCS;;12000;12500;;
271;10867;cm;;LEM BOTOL KOREA G @50;PCS;;2850;3500;;
272;10868;a panda;;LEM SUPER GLUE BOTOL M2000/ARTIKO;PAK;;15500;21000;;
273;1087;Iind;;LEM SUPERGLUE HANDSOME @12;PCS;;7000;9500;;
274;1088;Iind;;LEM SUPER GLUE HANDSOME @12;PCS;;7000;10500;;
275;1089;a panda;;LEM SUPER GLUE JASCO @24;PCS;;12500;18000;;
276;109;iso;;ISOLASI WARNA;PCS;;750;850;;
277;110;iso;;ISOLASI KECIL NACHI;PCS;;2250;3000;;
278;1100;edi;;LEXICON PLC SPIRAL 45W;PCS;;25000;40000;;
279;111;iso;;ISOLASI SEDANG DAIMARU;PCS;;5000;7500;;
280;112;iso;;ISOLASI DOBEL TIPE DAIMARU;PCS;;2750;3500;;
281;1121;a panda;;ISOLASI DOBEL TIPE TANGGUNG JOYKO @24;PCS;;2500;3500;;
282;113;iso;;ISOLASI DOBEL TIPE SEDANG;PCS;;4500;6000;;
283;114;iso;;ISOLASI DOBEL TIPE TEBAL HIJAU;PCS;;7500;9500;;
284;1148;a m aman;;KOAS 1'' TNFLO SUPER@24;PAK;;27500;35000;;
285;1149;a m aman;;KOAS 2,1/2'' TNFLO SUPER@24;PAK;;40000;45000;;
286;116;lkbn;;LAKBAN COKLAT CUNMA/TUFUDA;PCS;;7000;9000;;
287;1161;a m aman;;LAKBAN PUTIH CUNMA/TUPUDA @6;PCS;;7000;9000;;
288;1162;a m aman;;LAKBAN BENING BESAR @6;PCS;;5000;7500;;
289;1163;edi;;LAKBAN COKLAT BESAR @6;PCS;;5000;7500;;
290;117;lkbn;;LAKBAN BENING DAIMARU;PCS;;8500;10500;;
291;118;lkbn;;LAKBAN COKLAT DAIMARU;PCS;;8500;10500;;
292;119;lkbn;;LAKBAN HITAM LUCKY;PCS;;5500;7500;;
293;120;lkbn;;LAKBAN HITAM TEBAL DAIMARU;PCS;;14000;17500;;
294;1200;Iind;;KABEL TIES 2,5 X 200MM HTM/PTH UNILUX;PCS;;8500;12500;;
295;1201;Iind;;KABEL TIES 2,5 X 250MM HTM/PTH VISALUX;PCS;;10500;15000;;
296;1202;Iind;;KABEL TIES 2,5 X 300MM HTM/PTH VISALUX;PCS;;12500;20000;;
297;1209;cm;;KABEL TIES 2,5 X 100 PTH UNILUX;PCS;;3500;5000;;
298;121;lkbn;;LAKBAN BENING TEBAL @6;PCS;;6500;8500;;
299;121;edi;;LAKBAN COKLAT TEBAL @6;PCS;;6500;8500;;
300;1210;cm;;KABEL TIES 3,6 X 150 PTH UNILUX;PCS;;6500;8500;;
301;1211;cm;;KABEL TIES 3,5 X 200 PTH UNILUX;PCS;;8500;12500;;
302;1212;cm;;KABEL TIES 3,6 X 250 PTH UNILUX;PCS;;10500;15000;;
303;122;iso;;ISOLASI HITAM UNIBEL TANGGUNG;PCS;;2250;3000;;
304;123;iso;;ISOLASI HITAM NARITA;PCS;;4250;6000;;
305;1235;cm;;KRAN DISPENSER;PCS;;5000;6500;;
306;124;iso;;ISOLASI KERTAS TANGGUNG;PCS;;4500;6500;;
307;125;lkbn;;LAKBAN KERTAS BESAR;PCS;;7500;10000;;
308;1250;cm;;DUS IMBAU BULAT UTAMA;PCS;;425;600;;
309;1251;cm;;DUS IMBAU KOTAK BROCO;PCS;;1358;2000;;
310;1252;Iind;;DUS IMBAU BULAT HITAM  @54;PCS;;350;600;;
311;1253;cm;;TEDUS HITAM LUBANG 3 UTAMA;PCS;;950;1500;;
312;1254;cm;;TEDUS PUTIH LUBANG 3 HIRO;PCS;;1750;2500;;
313;1255;cm;;TEDUS PUTIH LUBANG 4 HIRO;PCS;;1650;2500;;
314;126;lkbn;;LAKBAN KECIL TEBAL DAIMARU/NACHI @12;PCS;;2500;4000;;
315;1260;cm;;MONEY DETEKTOR 2X6W GAXINDO;PCS;;88500;125000;;
316;1261;cm;;KOMPOR QUANTUM 2 TINGKU TEPLON;PCS;;282000;305000;;
317;12611;a panda;;LAKBAN KECIL GOLTIPE @12;PCS;;1525;2500;;
318;12615;cm;;BLENDER MIYACO JUMBO;PCS;;255000;275000;;
319;12616;cm;;BLENDER MIYAKO 2L BL151PF;PCS;;237500;265000;;
320;1262;cm;;DISPENSER TWINDOG 377;PCS;;83500;100000;;
321;12621;cm;;DISPENSER MIYACO 190;PCS;;172500;190000;;
322;1263;cm;;BLENDER SOGO 21N1 SG T9/PLASTIK;PCS;;109500;125000;;
323;1264;cm;;STRIKA TWINDOG 666/PVC;PCS;;65000;80000;;
324;1265;cm;;KOMPOR YAMAKAWA 2 TUNGKU YK 102;PCS;;145000;175000;;
325;1266;cm;;STRIKA PHILIPS HD 1172;PCS;;315900;340000;;
326;1267;cm;;STRIKA PHILIPS;PCS;;150000;225000;;
327;1268;cm;;KOMPOR MAWAR 202/36CM;PCS;;42500;60000;;
328;1269;cm;;KOMPOR MAWAR 203/38CM;PCS;;49000;70000;;
329;127;lkbn;;LAKBAN 2;PCS;;9500;12500;;
330;1275;cm;;JAM DINDING HINOMARU HITAM;PCS;;37000;45000;;
331;1276;cm;;JAM DINDING HINOMARU PUTIH;PCS;;37000;45000;;
332;128;ib;;BROCO SAKLAR ENGKEL IB@20;PCS;;11067;12500;;
333;129;ib;;BROCO SAKLAR SERI IB@20;PCS;;15043;17500;;
334;130;ib;;BROCO STOP KONTAK IB@20;PCS;;12054;13500;;
335;1300;teguh;;KENI 3/4'' GREST @55;PCS;;1360;1550;;
336;1301;cm;;BROCO SAKLAR 3/TRIPEL@20;PCS;;19607;22500;;
337;1302;cm;;BROCO ENGKEL STOP ARDE@20;PCS;;19768;22500;;
338;131;ib;;BROCO ENGKEL STOP IB@20;PCS;;18904;21500;;
339;132;ib;;BROCO SAKALR ENGKELOB SEGI;PCS;;11207;13000;;
340;133;ib;;BROCO SAKLAR SERI OB SEGI;PCS;;15227;18000;;
341;134;ib;;BROCO STOP KONTAK OB SEGI;PCS;;12425;14000;;
342;1345;cm;;TIMBANGAN BADAN HYPERLITE DIGITAL;PCS;;52000;70000;;
343;135;ib;;BROCO ENGKEL STOP OB SEGI@20;PCS;;18904;21500;;
344;1350;teguh;;KLEM PVC 1/2'' @100;PCS;;400;550;;
345;1351;teguh;;KLEM PVC 3/4'';PCS;;500;650;;
346;136;ib;;BROCO ENGKEL STOP ARDE;PCS;;19500;22500;;
347;137;ib;;BROCO SAKLAR ENGKEL GALEO;PCS;;11793;14500;;
348;138;ib;;BROCO SAKLAR SERI GALEO;PCS;;17318;19500;;
349;139;ib;;BROCO STOP KONTAK GALEO;PCS;;12754;15500;;
350;1391;cm;;BROCO STOP KONTAK TV @10;PCS;;34900;40000;;
351;1392;cm;;BROCO STOP KONTAK AC @10;PCS;;53250;65000;;
352;140;ib;;BROCO STEKER HITAM@24;PCS;;2485;3500;;
353;141;ib;;BROCO STEKER ARDE@60;PCS;;9375;11500;;
354;142;ib;;BROCO STEKER LAMPU@20;PCS;;18102;21500;;
355;1421;edi;;STEKER LAMPU MIKOTEK @24;PCS;;5750;8500;;
356;1422;Iind;;STEKER LAMPU TOFUDA@12;PCS;;6500;8500;;
357;143;ib;;BROCO STEKER T ARDE@12;PCS;;18746;21500;;
358;144;ib;;BROCO SAKAR 3/TRIPEL@20;PCS;;19210;21500;;
359;145;ib;;BROCO STEKER T HITAM@24;PCS;;2500;5000;;
360;146;ib;;BROCO PITING GANTUNG@12;PCS;;3787;5500;;
361;147;ib;;BROCO PITING KOMBINASI@24;PCS;;7250;8500;;
362;148;ib;;BROCOP PITING PLAPON HITAM;PCS;;3952;5500;;
363;149;ib;;BROCO PITING PLAPON SEGI 1210;PCS;;9079;11500;;
364;150;ib;;BROCO PITING PLAPON NEW 1211;PCS;;9350;11500;;
365;151;ib;;BROCO PITING PLAPON BULAT1212;PCS;;9079;11500;;
366;1519;a m aman;;TIMBANGAN TANGAN/BESOT @6;PCS;;60000;75000;;
367;152;ib;;BROCO MCB 2A @12;PCS;;32795;38500;;
368;153;ib;;BROCO MCB 4A @12;PCS;;32795;38500;;
369;154;cm;;BROCO MCB 32A @12;PCS;;37114;45000;;
370;155;ib;;BROCO MCB 6A @12;PCS;;32232;38500;;
371;156;ib;;BROCO MCB 10A @12;PCS;;32232;38500;;
372;157;ib;;BROCO MCB 16A @12;PCS;;32232;40500;;
373;158;ib;;BROCO MCB 20A @12;PCS;;34314;42500;;
374;159;ib;;BROCO MCB 25A @12;PCS;;34314;42500;;
375;1591;cm;;BROCO MCB 32A;PCS;;37114;45000;;
376;160;ib;;BROCO STOP LUBANG 2 ARDE CP@10;PCS;;27776;30500;;
377;1601;a m aman;;ENGSEL AIGO 3'' @12;PCS;;4585;6000;;
378;1602;a m aman;;ENGSEL AIGO 4'' @12;PCS;;5835;7500;;
379;1603;a m aman;;ENGSEL TIPIS 2'' @12;PAK;;7000;10000;;
380;1604;a m aman;;ENGSEL TIPIS 3'' @12;PAK;;11000;15000;;
381;1605;a m aman;;ENGSEL TIPIS 4'' @12;PAK;;19500;24000;;
382;1606;a m aman;;ENGSEL AIGO 4'' @12;PAK;;70000;85000;;
383;1607;a m aman;;ENGSEL GOMEO 4'' @12;PAK;;150000;165000;;
384;161;ib;;BROCO STOP LUBANG 3 ARDE@12;PCS;;30681;35000;;
385;162;ib;;BROCO STOP LUBANG 4 ARDE@12;PCS;;35413;40000;;
386;163;ib;;BROCO CONTRA STEKER HITAM@24;PCS;;3085;3500;;
387;164;ib;;BROCO CONTRA STEKER ARDE;PCS;;10437;13500;;
388;165;ib;;BROCO IMBAU DUS;PCS;;1359;2000;;
389;166;ib;;BROCO FUSBOK 1 GROP;PCS;;34500;40000;;
390;167;ib;;BROCO BOK MCB 1 GROP;PCS;;5541;7500;;
391;168;ib;;BROCO BOK MCB 2 GROP;PCS;;11000;15500;;
392;1681;Iind;;BOK MCB 2 GROP LAMPU;PCS;;7500;9500;;
393;1682;cm;;BOK MCB 4 GROOP PRESTO;PCS;;35500;40000;;
394;16821;cm;;DEXTA BOK MCB 4 GROP;PCS;;12500;17500;;
395;1683;Iind;;BOK MCB 1 GROP @25;PCS;;1450;2500;;
396;1684;cm;;WIKLAM;PCS;;2500;5000;;
397;1685;cm;;TC 4 PUTIH NISO;PCS;;4500;7500;;
398;1686;cm;;FLEKSIBEL 1/2'';PCS;;55000;70000;;
399;1687;cm;;FLEKSIBEL 3/4'';PCS;;57500;75000;;
400;1688;cm;;FLEKSIBEL 1'';PCS;;65000;80000;;
401;1689;cm;;FLEKSIBEL 5/8'';PCS;;55000;70000;;
402;169;cm;;BROCO STOP KONTAK TUTUP;PCS;;30926;35000;;
403;170;cm;;OMI PLC 11W,15W,18W;PCS;;4950;5500;;
404;171;cm;;OMI PLC 5W;PCS;;5250;5750;;
405;1711;a m aman;;KABEL TIES 2,5X100 SAB/POPEYE;PCS;;3000;5500;;
406;1712;a m aman;;KABEL TIES 2,5X150 SAB/POPEYE;PCS;;5500;7500;;
407;1713;a m aman;;KABEL TIES 2,5X200 SAB/POPEYE;PCS;;5000;10000;;
408;1714;a m aman;;KABEL TIES 4,0X250 SAB/POPEYE;PCS;;6500;12500;;
409;1715;a m aman;;KABEL TIES 4,0X300 SAB/POPEYE;PCS;;6500;15000;;
410;172;cm;;OMI PLC 20W;PCS;;5250;6000;;
411;172;cm;;OMI PLC 20W @50;PCS;;5250;5500;;
412;1721;cm;;OMI STOP KONTAK IB@12;PCS;;4200;7000;;
413;173;Iind;;ZENTAMA PLC 20W;PCS;;4600;5000;;
414;174;st;;ZENTAMA PLC 20W;PCS;;4600;5500;;
415;175;st;;VALID PLC 20W;PCS;;4700;5500;;
416;176;cm;;MAXTRON PLC 3U 25W;PCS;;7750;8500;;
417;177;cm;;MAXTRON PLC 3U 30W;PCS;;7500;8500;;
418;178;cm;;MAXTRON PLC 3U 35W;PCS;;7500;8500;;
419;179;cm;;MAXTRON PLC SPIRAL 25W;PCS;;8500;11500;;
420;180;cm;;MAXTRON PLC SPIRAL 30W;PCS;;8500;11500;;
421;181;cm;;MAXTRON PLC SPIRAL 35W;PCS;;8500;11500;;
422;182;Iind;;PLC SPIRAL 25W/30W/35W;PCS;;8500;11500;;
423;183;usaha jaya tehnik;;SEAL POMPA SHIMIZU 250 CKN;PCS;;5000;7500;;
424;184;usaha jaya tehnik;;SEAL POMPA SHIMIZU 100,128,130,135 CKN;PCS;;3600;6000;;
425;185;usaha jaya tehnik;;SEAL POMPA SHIMIZU 260  CKN;PCS;;4500;7000;;
426;186;usaha jaya tehnik;;SEAL POMPA SHIMIZU DB 108,100 SEMI ZET CKN;PCS;;3800;6500;;
427;187;usaha jaya tehnik;;SEAL PANASONIC 125/129 CKN;PCS;;3500;6000;;
428;188;usaha jaya tehnik;;SEALPANASONIC 200 CKN;PCS;;3700;6500;;
429;189;usaha jaya tehnik;;LAHER POMPA SHIMIZU 6201ZZ;PCS;;6600;8500;;
430;190;usaha jaya tehnik;;LAHER PANASONIC 629ZZ;PCS;;5400;7500;;
431;191;usaha jaya tehnik;;IMPELER PANASONIC GP 125 AIRLUX;PCS;;26000;35000;;
432;192;usaha jaya tehnik;;IMPELER SHIMIZU 128;PCS;;35000;40000;;
433;193;usaha jaya tehnik;;KARET TABOK BULAT;PCS;;1000;1500;;
434;194;usaha jaya tehnik;;KARET TABOX SEGI TIGA/OPAL;PCS;;1000;1500;;
435;195;usaha jaya tehnik;;KARET GELANG ORING PANASONIC 125,129;PCS;;1000;1500;;
436;196;usaha jaya tehnik;;KARET GELANG ORING SHIMIZU 128/130;PCS;;1000;1500;;
437;197;usaha jaya tehnik;;TUTUP/CASING COVER IMPELER PANASONIC 125/129;PCS;;17000;25000;;
438;198;usaha jaya tehnik;;TUTUP/CASING COVER SHIMIZU 128/130;PCS;;18500;27500;;
439;199;usaha jaya tehnik;;KIPAS/BALING PANASONIC;PCS;;3000;6000;;
440;200;usaha jaya tehnik;;KIPAS/BALING SHIMIZU 128;PCS;;3500;6000;;
441;201;usaha jaya tehnik;;POMPA PANASONIC 129;PCS;;505000;525000;;
442;202;usaha jaya tehnik;;POMPA PANASONIC 200;PCS;;775000;800000;;
443;2022;usaha jaya tehnik;;POMPA PANASONIC 129;PCS;;505000;515000;;
444;2023;a m aman;;LEM DEXTONE 5 MENIT;PAK;;142500;180000;;
445;2024;usaha jaya tehnik;;POMPA SHIMIZU 128;PCS;;495000;505000;;
446;203;usaha jaya tehnik;;POMPA SHIMIZU 128;PCS;;495000;510000;;
447;204;cm;;POMPA SHIMIZU 130 BIT OTOMATIS;PCS;;672000;710000;;
448;205;cm;;POMPA SHIMIZU 135 BIT;PCS;;588000;625000;;
449;206;cm;;POMPA SHIMIZU SEMIJET 108 BIT;PCS;;809500;850000;;
450;207;cm;;POMPA SHIMIZU SEMIJET 100;PCS;;896000;950000;;
451;208;cm;;POMPA SHIMIZU ZET FAN 260 BIT;PCS;;1884000;2000000;;
452;209;Iind;;MOREA BOK KABEL 10 LAMPU;PCS;;14500;17500;;
453;210;Iind;;MOREA BOK KABEL 10 SAKLAR;PCS;;16500;20000;;
454;211;Iind;;MOREA BOK KABEL 15 LAMPU;PCS;;16500;20000;;
455;212;Iind;;MOREA BOK KABEL 15 SAKLAR;PCS;;19000;22500;;
456;213;cm;;DEXTA BOK KABEL 6M DUS;PCS;;13750;15500;;
457;214;cm;;DEXTA BOK KABEL 9M DUS;PCS;;16750;19500;;
458;215;cm;;DEXTA BOK KABEL 10 LAMPU;PCS;;18750;21500;;
459;216;cm;;DEXTA BOK KABEL 10 SAKLAR;PCS;;22500;25500;;
460;217;cm;;DEXTA BOK KABEL 10 LAMPU PUL;PCS;;25000;27500;;
461;218;cm;;DEXTA BOK KABEL 10 SAKLAR PUL;PCS;;27500;30000;;
462;219;cm;;DEXTA BOK KABEL 15 LAMPU;PCS;;22500;25000;;
463;220;cm;;DEXTA BOK KABEL 15 SAKLAR;PCS;;25500;30000;;
464;221;cm;;DEXTA BOK KABEL 15 LAMPU PUL;PCS;;25000;30000;;
465;222;cm;;DEXTA BOK KABEL 15 SAKLAR PUL;PCS;;30000;35000;;
466;223;teguh;;SOK 1/2'' GREST @110;PCS;;800;1250;;
467;223;teguh;;SOK 1/2'' GREST @110;PCS;;800;1000;;
468;224;teguh;;SOK 3/4'' GREST @65;PCS;;1100;1500;;
469;224;teguh;;SOK 3/4'' GREST @65;PCS;;1100;1300;;
470;225;teguh;;SOK 1'' GREST;PCS;;1500;2000;;
471;226;teguh;;SOK 1,1/4 GREST;PCS;;1750;2250;;
472;227;teguh;;SOK 1,1/2'';PCS;;2000;2500;;
473;228;teguh;;SOK 2'' GREST;PCS;;2500;3000;;
474;229;teguh;;SOK 2,1/2'';PCS;;3000;4500;;
475;230;teguh;;SOK 3'' GREST;PCS;;5000;6500;;
476;231;teguh;;SOK 4'' GREST;PCS;;7500;8500;;
477;232;teguh;;KENI 1/2'' GREST @85;PCS;;1040;1500;;
478;233;teguh;;KENI 3/4'' GREST @55;PCS;;1400;1750;;
479;2331;teguh;;KENI 3/4'' GREST @55;PCS;;1400;2000;;
480;2332;teguh;;KENI DRAT KUNINGAN 1/2'';PCS;;5500;7000;;
481;234;teguh;;KENI 1'' GREST;PCS;;1750;2250;;
482;235;teguh;;KENI 1,1/4'' GREST;PCS;;2250;2750;;
483;236;teguh;;KENI 1,1/2'' GREST;PCS;;2500;3000;;
484;237;teguh;;KENI 2'' GREST;PCS;;3500;5000;;
485;238;teguh;;KENI 2,1/2'' GREST;PCS;;4500;6000;;
486;239;teguh;;KENI 3'' GREST @75;PCS;;7500;8500;;
487;240;teguh;;KENI 4'' GREST;PCS;;11500;15000;;
488;241;teguh;;WATERMUR 1/2'' GREST;PCS;;4600;7500;;
489;242;teguh;;WATERMUR 3/4'' GREST;PCS;;7900;9500;;
490;2421;agung;;WATERMUR 1''X1/2'' GREST;PCS;;6500;7500;;
491;2422;teguh;;WATERMUR 1''X3/4'' GREST;PCS;;7500;8500;;
492;243;teguh;;SOK DRAT LUAR 1X1/2'' GREST;PCS;;1900;2750;;
493;244;teguh;;SOK DRAT LUAR 3/4'' GREST;PCS;;2000;3000;;
494;245;teguh;;T 1/2'' GREST @55;PCS;;1600;2250;;
495;2451;a m aman;;T 1/2'' RUCIKA;PCS;;2700;3700;;
496;2452;a m aman;;T 3/4'' RUCIKA;PCS;;3600;4600;;
497;246;teguh;;T 3/4'' GREST @45;PCS;;1900;3000;;
498;247;teguh;;T 1'' GREST;PCS;;2500;3500;;
499;248;teguh;;T 2'' GREST;PCS;;4500;6500;;
500;2481;teguh;;T 2,5'' GREST;PCS;;8400;9500;;
501;249;teguh;;T 3'' GREST;PCS;;11000;15000;;
502;250;teguh;;T 4'' GREST;PCS;;13500;18000;;
503;251;teguh;;BLOK SOK 3/4''X1/2'';PCS;;1100;1500;;
504;252;teguh;;BLOK SOK 2''X1/2'';PCS;;7500;10000;;
505;253;teguh;;BLOK SOK 2,1/2''X1/2'' GREST;PCS;;9000;12500;;
506;254;teguh;;SDD 1/2'' GREST;PCS;;1100;1500;;
507;255;teguh;;SDD 3/4'' GREST;PCS;;1600;2250;;
508;256;teguh;;SDL 1/2'' GREST;PCS;;1300;1750;;
509;258;teguh;;SDL 3/4'' GREST;PCS;;1400;1900;;
510;259;teguh;;KENI DRAT DALAM 1/2'' GREST;PCS;;1400;2000;;
511;2591;teguh;;KENI PARALON 5/8;PCS;;450;600;;
512;2592;a m aman;;SDL 3/4'' RUCIKA;PCS;;2100;3000;;
513;260;teguh;;DOP 1/2'' GREST;PCS;;500;750;;
514;2601;teguh;;PLUGH;PCS;;500;750;;
515;261;teguh;;DOP 3/4'' GREST;PCS;;750;1000;;
516;262;teguh;;DOP 2'' GREST;PCS;;2000;3000;;
517;263;teguh;;DOP 3'' GREST;PCS;;3400;5000;;
518;264;teguh;;DOP 4'' GREST;PCS;;4700;5500;;
519;2641;teguh;;DOP 1'' GREST;PCS;;1500;2000;;
520;265;teguh;;KRAN BESI BC 1/2'' ONDA;PCS;;24000;27500;;
521;266;teguh;;KRAN BESI BL 3/4'' ONDA;PCS;;35000;42500;;
522;267;a m aman;;KAWAT TALI BETON @25;PCS;;315000;362500;;
523;2671;a m aman;;KAWAT TALI BETON @25;PCS;;12600;14500;;
524;2672;a m aman;;KAWAT LOKET PVC 3/4'';PCS;;65000;75000;;
525;268;Iind;;JEK TV BESI @100;PCS;;1300;2000;;
526;268;edi;;JEK TV BESI CONTRA @100;PCS;;1450;2000;;
527;2681;edi;;JEK TV BESI @100;PCS;;1750;1750;;
528;2682;edi;;JEK TV BESI CONTRA @100;PCS;;1450;1850;;
529;269;Iind;;JEK TV HITAM;PCS;;800;1500;;
530;270;virgo;;JEK TV T;PCS;;1250;2000;;
531;271;cm;;TANAKA 5C+JEK 15M;PCS;;34000;45000;;
532;272;cm;;TANAKA 5C+JEK 20M;PCS;;44000;55000;;
533;273;cm;;TV COM 5C+JEK 18M;PCS;;44000;50000;;
534;274;cm;;KITANI 5C+JEK 15M;PCS;;119500;130000;;
535;275;cm;;KITANI 5C+JEK 20M;PCS;;165000;174429;;
536;276;cm;;MAXTRON 5C+JEK 15Y;PCS;;21500;25000;;
537;277;cm;;MAXTRON 5C+JEK 18M;PCS;;25000;30000;;
538;278;cm;;MAXTRON 5C+JEK 20M;PCS;;29000;35000;;
539;279;edi;;RAMBO 5C+JEK 15Y;PCS;;17500;25000;;
540;280;edi;;RAMBO 5C+JEK 20Y;PCS;;22500;30000;;
541;281;Iind;;SHUKAKU 5C+JEK 15M;PCS;;20000;25000;;
542;282;Iind;;SHUKAKU 5C+JEK 20M;PCS;;25000;30000;;
543;283;edi;;PROVI T LED 30W;PCS;;21600;35000;;
544;284;edi;;KABEL ANTENA RAMBO 5C 100Y;PCS;;85000;105000;;
545;285;cm;;KABEL INTRACOM 5C ROL 100Y;PCS;;102500;125000;;
546;2851;cm;;INTRACOM KABEL 5C+JEK 15M;PCS;;20500;25000;;
547;2852;cm;;INTRACOM KABEL 5C+JEK 18M;PCS;;25000;30000;;
548;2853;cm;;INTRACOM KABEL 5C+JEK 20M;PCS;;27500;35000;;
549;286;edi;;KABEL 5CROL 300M;PCS;;250000;350000;;
550;2861;cm;;KABEL 5C ROL 100Y INTRACOM;PCS;;100000;125000;;
551;287;Iind;;ANTENA BULAT GALAXY;PCS;;19000;21000;;
552;288;Iind;;ANTENA BULAT POLYTRON;PCS;;16500;19500;;
553;289;edi;;ANTENA LAYANG BALON;PCS;;16500;20500;;
554;2891;cm;;ANTENA  KOTAK TOYOSAKI;PCS;;112000;130000;;
555;2892;cm;;ANTENA KOTAK AOKI;PCS;;108500;125000;;
556;2893;edi;;ANTENA BULAN SABIT;PCS;;19000;20000;;
557;2894;edi;;ANTENA BULAN SABIT;PCS;;19000;20000;;
558;2895;cm;;ANTENA PF 5000S;PCS;;100000;120000;;
559;290;a m aman;;PAKU 3/4'' N2000;PAK;;36500;39000;;
560;2901;a m aman;;PAKU 3/4'';PAK;;31000;35500;;
561;291;a m aman;;PAKU 1'' N2000;PAK;;35500;38500;;
562;292;a m aman;;PAKU 1,1/4'' N2000;PAK;;35000;38000;;
563;293;a m aman;;PAKU 4CM @30;PCS;;369000;390000;;
564;2931;a m aman;;PAKU 4CM @30;PCS;;12300;13500;;
565;2932;a m aman;;PAKU 4CM @30;PCS;;12300;14000;;
566;2933;a m aman;;PAKU 4CM @30;PCS;;12300;13000;;
567;294;a m aman;;PAKU 5CM @30;DUS;;339000;360000;;
568;2941;a m aman;;PAKU 5CM @30;DUS;;339000;375000;;
569;2942;a m aman;;PAKU 5CM @30;PCS;;11300;12000;;
570;2943;a m aman;;PAKU 5CM @30;PCS;;11300;12500;;
571;295;a m aman;;PAKU 7CM @30;DUS;;339000;375000;;
572;2951;a m aman;;PAKU 7CM @30;DUS;;339000;360000;;
573;2952;a m aman;;PAKU 7CM @30;PCS;;11300;12500;;
574;296;Iind;;PAKU 10CM @30;PCS;;11300;12500;;
575;2961;a m aman;;PAKU 10CM @30;DUS;;339000;360000;;
576;2962;a m aman;;PAKU 10CM @30;PCS;;11300;12500;;
577;297;a m aman;;PAKU 12CM @30;PCS;;339000;375000;;
578;2971;a m aman;;PAKU 12CM @30;PCS;;11300;13000;;
579;2972;a m aman;;PAKU 12CM @30;PCS;;11300;12500;;
580;298;a m aman;;PAKU BETON 3CM GDO;PCS;;10000;15000;;
581;299;a m aman;;PAKU BETON 4 CM GDO;PCS;;16000;20000;;
582;300;a m aman;;PAKU BETON 5 CM GDO;PCS;;22500;30000;;
583;301;a m aman;;PAKU BETON 7 CM GDO;PCS;;35000;40000;;
584;302;a m aman;;PAKU BETON 10CM GDO;PCS;;60000;70000;;
585;303;a m aman;;PAKU SKRUP 3/4'';PCS;;10000;12500;;
586;304;a m aman;;PAKU SKRUP 1'';PCS;;12500;15000;;
587;305;a m aman;;PAKU SKRUP GYPSUN 3/4'';PCS;;24000;30000;;
588;306;a m aman;;PAKU SKRUP GYPSUN 1'';PCS;;24000;30000;;
589;307;a m aman;;PAKU SKRUP GYPSUN 1X1,1/4' SBS;PCS;;23500;30000;;
590;308;a m aman;;PAKU SKRUP GYPSUN 1,1/2'';PCS;;24000;30000;;
591;309;a m aman;;PAKU SKRUP GYPSUN 2'';PCS;;30000;40000;;
592;3091;a m aman;;PAKU SKRUP GYPSUN 1''X6'' SBS;PAK;;24000;30000;;
593;310;a m aman;;PAKU GRC 1'';PCS;;15500;18500;;
594;311;a m aman;;LEM PARALON ISARPLAS;PAK;;72500;85000;;
595;312;a m aman;;LEM PARALON ISRPLAS,;PCS;;72500;96000;;
596;313;a m aman;;LEM PARALON ISARPLAS,,;PCS;;6045;8500;;
597;314;a m aman;;LEM PARALON TANGIT ,@12;PAK;;102000;110000;;
598;315;a m aman;;LEM PARALON SUPERPLAS;PCS;;40000;50000;;
599;316;a m aman;;LEM PARALON SUPERPLAS,;PAK;;40000;60000;;
600;3161;a m aman;;LEM PARALON SUPERPLAS;PCS;;3350;5000;;
601;317;a m aman;;LEM PARALON TANGIT;PCS;;8500;10000;;
602;318;a m aman;;LEM FOX SAK 0,35g @48;PCS;;7350;9000;;
603;319;a m aman;;LEM FOX TUBE TANGGUNG @12;PAK;;56000;75000;;
604;320;a m aman;;LEM FOK KALENG MERAH 0,1 @12;PAK;;95000;108000;;
605;321;a m aman;;LEM FOK KALENG BIRU @12;PAK;;79000;90000;;
606;322;edi;;LEM BOTOL TETES G @50;PCS;;3000;3750;;
607;325;a m aman;;PAKU ASBES 3'';DUS;;130000;145000;;
608;3251;a m aman;;PAKU ASBES 3'';DUS;;130000;150000;;
609;3252;a m aman;;PAKU SENG 5CM@10;DUS;;127500;140000;;
610;326;cm;;KOMPOR 1 TNGKU GMC;PCS;;89000;110000;;
611;3261;cm;;KENMASTER PEMATIK KOMPOR;PCS;;13500;17500;;
612;3262;cm;;BARNER KOMPOR TEBAL;PCS;;10000;17500;;
613;3263;cm;;KOMPOR RINAI 522E;PCS;;361850;399999;;
614;3264;cm;;KOMPOR RINAI 2 TUNGKU 522C;PCS;;322350;355000;;
615;340;a m aman;;RAPIA 1KG LONCENG @15;PCS;;23500;27500;;
616;3401;a m aman;;RAPIA SEDANG GS @15;PCS;;15500;20000;;
617;3402;a m aman;;RAPIA BESAR LONCENG @10;PCS;;85000;95000;;
618;346;gng jti;;PELOR USA @12;PAK;;60000;70000;;
619;3461;gng jti;;PELOR SD @12;PAK;;48500;60000;;
620;347;a panda;;BUKU SIDU 38;PAK;;29500;36000;;
621;3470;a panda;;KATER BESAR MONTANA CT,L500;PCS;;6400;7500;;
622;3471;a panda;;BUKU SIDU 50;PAK;;40000;55000;;
623;3474;a panda;;KATER BESAR TACO;PCS;;2900;4000;;
624;3475;a panda;;GUNTING BESAR N2000;PCS;;5500;7500;;
625;3476;a panda;;BUKU GAMBAR A2;PCS;;5000;6000;;
626;3477;a panda;;BUKU GAMBAR A4;PAK;;22700;30000;;
627;3478;a panda;;KATER BESAR AMC BUTEK L500;PAK;;10400;15500;;
628;3479;gng jti;;KASTURO WARNA;PCS;;2750;3500;;
629;348;a panda;;AMPLOP MERPATI;PAK;;50000;57500;;
630;3481;a panda;;GUNTING SUN SHINE SS196 SEDANG;PCS;;3500;4500;;
631;3482;a panda;;GUNTING SMD 665;PAK;;40000;50000;;
632;3483;a panda;;GUNTING KUKU K @12;PAK;;30500;36000;;
633;3484;a panda;;KOK WANITA @12;PAK;;23500;30000;;
634;3485;a panda;;KOK DOMINO @12;PAK;;16200;25000;;
635;3486;a panda;;GUNTING FOX;PAK;;30500;36000;;
636;3487;gng jti;;PELUIT WARNA;PAK;;16200;24000;;
637;3488;a panda;;PENGGARIS BUTERFLY 20 K;PAK;;18000;25000;;
638;3489;a panda;;PENGGARIS BUTERFLY 30 B;PAK;;22500;30000;;
639;349;a panda;;SPIDOL WARNA MONTANA;PAK;;6500;8500;;
640;3492;a panda;;TIP EX GULUNG;PCS;;3750;5000;;
641;3493;a panda;;KOREK TOKAI M2000;PAK;;43500;55000;;
642;3494;a panda;;KOREK G2000;PAK;;43000;55000;;
643;350;a m aman;;RADAR PELAMPUNG;PCS;;41000;47500;;
644;351;a m aman;;RADAR OTOMATIS;PCS;;37500;45000;;
645;3515;a m aman;;DEMPUL SAMPOLAX KECIL 1/4KG;PCS;;16000;25000;;
646;352;a m aman;;OTOMATIS POMPA;PCS;;27500;35000;;
647;355;a m aman;;GERGAJI SANPLEX @10;PCS;;10500;12500;;
648;356;a m aman;;GERGAJI MATA KIRI KANAN;PAK;;35000;50000;;
649;357;teguh;;SDL 1X1/2'' GREST;PCS;;1900;3000;;
650;3571;teguh;;SDL 1X1/2'' GREST;PCS;;2000;2750;;
651;3572;teguh;;SDL 1X3/4'' GREST @65;PCS;;2000;3000;;
652;361;a m aman;;TAMBANG 5ML,6ML,7ML;PCS;;37000;55000;;
653;362;aman;;TAMBANG 5ML 10M;PCS;;9000;12000;;
654;363;a m aman;;TAMBANG 6ML 10M;PCS;;11600;15000;;
655;365;a m aman;;SARUNG TANGAN 4 BENANG BINTANG;PAK;;19000;25000;;
656;366;a m aman;;SARUNG TANGAN BINTIK;PAK;;26000;35000;;
657;367;a m aman;;KAWAT LOKET PVC 1/2'';PCS;;49000;65000;;
658;3672;a m aman;;KAWAT BENDRAT @25;PCS;;12600;14250;;
659;368;a m aman;;KAWAT RAM YAMUK/PARABOLA ALMUNIUM;PCS;;117500;135000;;
660;369;a m aman;;STOP KRAN VPR 1/2'' @12;PAK;;45000;66000;;
661;370;a m aman;;STOP KRAN VPR 3/4'' @12;PAK;;57000;78000;;
662;3701;a m aman;;STOP KRAN 1'' PVC @12;PCS;;10500;13500;;
663;372;a m aman;;TANG BUAYA KODAI;PCS;;32500;40000;;
664;373;a m aman;;TANG POTONG BLITZ BIRU 6'';PCS;;28500;35000;;
665;3731;a m aman;;TANG POTONG BLITZ MERAH 6'';PCS;;25000;30000;;
666;374;a m aman;;TANG KOMBINASI BLITZ 6'' BIRU;PCS;;29500;35000;;
667;375;a m aman;;TANG LANCIP BLITZ 6'' BIRU;PCS;;28500;35000;;
668;376;a m aman;;GEMBOK KUNING 25MM;PAK;;35000;50000;;
669;3760;a m aman;;GEMBOK BRABUS 20 @12;PCS;;5417;6500;;
670;3761;a m aman;;GEMBOK BRABUS 25 @12;PCS;;6250;8000;;
671;3762;a m aman;;GEMBOK BRABUS 30 @12;PCS;;7000;9500;;
672;3763;a m aman;;GEMBOK BRABUS 40 @12;PCS;;8750;11500;;
673;3764;a m aman;;GEMBOK BRABUS 50 @12;PCS;;12917;16000;;
674;3765;a m aman;;GEMBOK BRABUS 60MM PENDEK;PCS;;57000;67500;;
675;3766;a m aman;;GEMBOK BRABUS 60MM PANJANG;PCS;;63000;75000;;
676;377;a m aman;;GEMBOK KUNING 32 @12;PAK;;47500;55000;;
677;378;a m aman;;GEMBOK KUNING 38MM;PAK;;52500;65000;;
678;3781;a m aman;;GEMBOK KUNING 50MM @12;PAK;;80000;102000;;
679;3782;a m aman;;GEMBOK KUNING 60MM @12;PAK;;145000;170000;;
680;379;a m aman;;GEMBOK KUNING 25 @12;PAK;;40000;45000;;
681;3790;a m aman;;GEMBOK KUNING 20 @12;PAK;;35000;50000;;
682;3791;a m aman;;NISHIO GEMBOK KUNING 25;PAK;;40000;60000;;
683;3792;a m aman;;GEMBOK KUNING 32 @12;PAK;;47500;72000;;
684;3793;a m aman;;GEMBOK KUNING 38 @12;PAK;;52500;84000;;
685;381;a m aman;;GEMBOK PANJANG PTH 25MM;PCS;;6250;8500;;
686;3811;a m aman;;GEMBOK PANJANG PTH 30MM @12;PCS;;7500;10000;;
687;3812;a m aman;;GEMBOK PANJANG PTH 40MM @12;PCS;;10000;12500;;
688;3813;a m aman;;GEMBOK PANJANG PTH 50MM @12;PCS;;12500;15000;;
689;3814;a m aman;;GEMBOK PANJANG PTH 60MM @12;PCS;;15000;17500;;
690;3821;a m aman;;GEMBOK PENDEK PTH 25 @12;PCS;;5000;7500;;
691;3822;a m aman;;GEMBOK PENDEK PTH 30MM @12;PCS;;6000;9000;;
692;3823;a m aman;;GEMBOK PENDEK PTH 40MM @12;PCS;;9600;12500;;
693;3824;a m aman;;GEMBOK PENDEK PTH 50MM @12;PCS;;10000;15000;;
694;3825;a m aman;;GEMBOK PENDEK PUTIH 60MM @12;PCS;;12000;17500;;
695;383;a m aman;;CAT KUDA TERBANG PUTIH 0,1;PCS;;11250;12500;;
696;3831;a m aman;;CAT KUDA TERBANG MERAH 0,1;PCS;;11250;12500;;
697;384;a m aman;;CAT KUDA TERBANG HITAM 0,1;PCS;;11250;12500;;
698;385;a m aman;;CAT KUDA TERBANG BIRU 0,1;PCS;;11250;12500;;
699;386;a m aman;;CAT KUDA TERBANG HIJAU 0,1;PCS;;11250;12500;;
700;387;a m aman;;CAT KUDA TERBANG COKLAT 0,1;PCS;;11250;12500;;
701;388;aman;;SARINGAN GOT KAMAR MANDI STANLES;PCS;;4500;6000;;
702;3881;a m aman;;SARINGAN GOT KAMAR MANDI PVC PLASTIK;PAK;;19000;30000;;
703;390;a m aman;;KUNCI PINTU TANGGUNG EIFFEL;PCS;;45000;55000;;
704;3901;a m aman;;KUNCI PINTU TOP SERIES BIRU @12;PCS;;37500;45000;;
705;3902;a m aman;;KUNCI PINTU EIFEEL BESAR @12;PCS;;52500;75000;;
706;391;a m aman;;KUNCI PINTU BESAR EIFFEL;PCS;;60000;75000;;
707;3911;a m aman;;BODI PELOR VPR SN @12;PCS;;37500;45000;;
708;392;a m aman;;KUNCI LACI MODEL 808;PAK;;75000;90000;;
709;3921;a m aman;;KUNCI SILINDER HYDER @12;PCS;;22500;27500;;
710;3927;a m aman;;KUNCI LACI LENAGA @12;PAK;;27500;35000;;
711;3953;a m aman;;PAKU 7CM @30;PCS;;11300;12500;;
712;3954;a m aman;;PAKU 7CM @30;PCS;;11300;13500;;
713;400;edi;;KABEL RCA 2 PLAI/2+2 TRANSPARAN;PCS;;3500;6000;;
714;401;edi;;KABEL RCA 2+1 TRANSPARAN;PCS;;3500;6000;;
715;4011;edi;;KABEL RCA 2+1 TRANSPARAN @40;PCS;;3750;4500;;
716;4012;cm;;KABEL RCA 1X1;PCS;;4500;7500;;
717;4015;cm;;KONEKTOR ABC;PCS;;11900;14500;;
718;403;edi;;KABEL RCA 3 PLAI/3+3 TRANSPARAN;PCS;;6500;8500;;
719;404;edi;;KABEL JEK TIP;PCS;;3750;6000;;
720;4041;edi;;KABEL TWIS 2X10 @500;PCS;;3750;4750;;
721;4042;Iind;;KABEL TWIS 2X10;PCS;;3750;5000;;
722;40425;edi;;KABEL HITAM 2X1,5 50Y SUPERA;PCS;;176500;250000;;
723;405;edi;;KABEL JEK KOMPUTER/MAJIC-COM;PCS;;8500;12500;;
724;406;edi;;KABEL JEK TIP BUNTUNG;PCS;;3750;6000;;
725;407;cm;;DUTRON SAKLAR GANTUNG HITAM;PCS;;2000;3000;;
726;4071;cm;;DUTRON PITING GANTUNG PTH  @24;PCS;;2000;3000;;
727;408;cm;;DUTRON PITING COLOK SAKLAR;PCS;;2850;4500;;
728;40801;cm;;STEKER PUTIH GEPENG @30;PCS;;1350;2000;;
729;4081;cm;;LOYAL STEKER SERBAGUNA SK;PCS;;10750;13500;;
730;409;cm;;BRIGHT STEKER T ARDE;PCS;;9300;11500;;
731;410;cm;;LOYAL STEKER T ARDE SAKLAR;PCS;;21500;24000;;
732;411;cm;;LOYAL STEKER T MULTY YUNIOR;PCS;;4200;6000;;
733;412;cm;;LOYAL STOP LUBANG 2 ARDE;PCS;;8950;11500;;
734;413;cm;;LOYAL STOP LUBANG 3 ARDE;PCS;;12734;15000;;
735;414;cm;;LOYAL STOP LUBANG 4 ARDE;PCS;;16544;19500;;
736;415;cm;;LOYAL STOP LUBANG 5 ARDE;PCS;;19753;23500;;
737;416;cm;;LOYAL STOP LUBANG 1 ARDE;PCS;;5650;7000;;
738;417;cm;;UTICON STOP LUBANG 2 ARDE;PCS;;9000;10500;;
739;418;cm;;UTICON STOP LUBANG 3 ARDE;PCS;;13000;15000;;
740;4181;cm;;UTICON STOP LUBANG 4 ARDE@12;PCS;;16875;19500;;
741;419;cm;;LOYAL KONTRA STEKER ARDE LY 900 @36;PCS;;7059;10500;;
742;420;cm;;YUNIOR STOP LB 3+KBL 1,5M;PCS;;16143;18500;;
743;421;cm;;YUNIOR STOP LB 4+KBL 1,5M;PCS;;17647;20500;;
744;422;cm;;YUNIOR STOP LB 5+KBL 1,5M;PCS;;19553;22500;;
745;423;cm;;SUNFREE STOP LB 2+KBL1,5M;PCS;;13500;15500;;
746;424;cm;;SUNFREE STOP LB 3+KBL1,5M;PCS;;14500;16500;;
747;425;cm;;SUNFREE STOP LB 4+KBL1,5M;PCS;;15500;17500;;
748;426;cm;;SUNFREE STOP LB 5+KBL1,5M;PCS;;17500;19500;;
749;427;cm;;SUNFREE STOP LB 2+KBL3M;PCS;;16000;20500;;
750;428;cm;;SUNFREE STOP LB 3+KBL3M;PCS;;17000;22500;;
751;429;cm;;SUNFREE STOP LB 4+KBL3M;PCS;;18000;24500;;
752;4291;cm;;SUNFREE STOP LB 5+KBL3M;PCS;;21500;26500;;
753;430;cm;;LOYAL STOP LUBANG 3 SK;PCS;;25067;28500;;
754;431;cm;;LOYAL STOP LUBANG 4 SK;PCS;;28576;32500;;
755;4311;cm;;LOYAL CONTRA STEKER ARDE;PCS;;8500;11500;;
756;432;cm;;SUNFREE STOP LB 2+KBL5M;PCS;;19500;22500;;
757;433;cm;;SUNFREE STOP LB 3+KBL5M;PCS;;20500;24500;;
758;4331;cm;;SUNFREE STOP LB 3+KBL5M;PCS;;21500;22500;;
759;434;cm;;SUNFREE STOP LB 4+KBL5M;PCS;;21500;26500;;
760;4341;cm;;SUNFREE STOP LB 4+KBL5M;PCS;;21500;23500;;
761;4342;cm;;SUNFREE STOP LB 5+KBL 1,5M;PCS;;17000;21500;;
762;435;cm;;SUNFREE STOP LB 5+KBL5M;PCS;;23500;27500;;
763;436;Iind;;ASABER STOP LB 2 ARDE@18;PCS;;4500;7500;;
764;437;Iind;;ASABER STOP LB 3 ARDE@12;PCS;;5500;9000;;
765;438;Iind;;ASABER STOP LB 4 ARDE@12;PCS;;6500;11500;;
766;441;Iind;;ASABER STOP LB 4 ARDE@12;PCS;;6500;9000;;
767;450;cm;;BROCO KONTRA STEKER HITAM;PCS;;3052;3750;;
768;456;a panda;;SODA API;PCS;;18500;28000;;
769;456;a panda;;TAWAS;PCS;;6500;8500;;
770;462;cm;;YUNIOR STOP LB 6+KBL 1,5M;PCS;;20500;24500;;
771;463;cm;;YUNIOR STOP LB 3+KBL 3M;PCS;;19553;22500;;
772;464;cm;;YUNIOR STOP LB 4+KBL 3M;PCS;;20955;24500;;
773;465;cm;;YUNIOR STOP LB 5+KBL 3M;PCS;;22660;26500;;
774;470;cm;;BRIGHT SAKLAR ENGKEL IB;PCS;;4128;5500;;
775;4701;Iind;;BRIGHT/ELTRA SAKLAR ENGKEL IB;PCS;;4000;6000;;
776;4702;Iind;;BRIGHT/ELTRA SAKLAR SERI IB;PCS;;4750;7000;;
777;4703;Iind;;BRIGHT/ELTRA STOP KONTAK IB;PCS;;4750;7000;;
778;4705;Iind;;BRIGHT/ELTRA ENGKEL STOP IB;PCS;;4850;7500;;
779;471;cm;;BRIGHT SAKLAR SERI IB @12;PCS;;4750;7000;;
780;472;cm;;BRIGHT STOP KONTAK IB @12;PCS;;4750;7000;;
781;473;cm;;BRIGHT ENGKEL STOP IB @12;PCS;;4750;7000;;
782;477;cm;;BRIGHT SAKLAR ENGKEL OB SEGI;PCS;;4250;5000;;
783;478;cm;;BRIGHT SAKLAR SERI OB SEGI;PCS;;4750;7000;;
784;479;cm;;BRIGHT STOP OB SEGI;PCS;;4750;7000;;
785;480;cm;;BRIGHT ENGKEL STOP ARDE;PCS;;6480;8000;;
786;495;cm;;ITAMI PITING GANTUNG HITAM;PCS;;1350;2000;;
787;496;cm;;ITAMI PITING GANTUNG PUTIH;PCS;;1300;2000;;
788;500;edi;;PITING KOMBINASI SHAAPIRE;PCS;;2350;4000;;
789;501;edi;;PITING KOMBINASI MATSUI;PCS;;5000;6000;;
790;5011;edi;;PITING PLAPON PUTIH MATSUI;PCS;;6500;9500;;
791;502;edi;;PITING KOMINASI GANTUNG;PCS;;5000;6000;;
792;503;Iind;;PITING KOMNIASI SHAPIRE PUTIH;PCS;;2750;4500;;
793;5031;cm;;PITING TARIK MITSUI@12;PCS;;11500;13500;;
794;532;cm;;PITING PLAPON MOTIP SILVER CENTRALITE;PCS;;8150;11500;;
795;533;cm;;PITING PLAPON MOTIP EMAS CENTRALITE;PCS;;8150;11500;;
796;534;cm;;PITING PLAPON MOTIP EMAS DEXICON;PCS;;8250;11500;;
797;5341;cm;;PITING PLAPON MODEL EMAS CENTRALITE @12;PCS;;8150;11500;;
798;5342;Iind;;PITING PLAPON MOTIP PUTIH DEXICON;PCS;;9000;11500;;
799;535;Iind;;PITING PLAPON SEGI ASABER @24;PCS;;2500;5000;;
800;536;edi;;AMASCO PITING COLOK @24;PCS;;2000;3500;;
801;537;edi;;AMASCO PITING GANTUNG @50;PCS;;1600;2500;;
802;538;edi;;AMASCO PITING GANTUNG @50;PCS;;1600;3000;;
803;539;edi;;AMASCO STEKER T MULTY @24;PCS;;3000;5000;;
804;540;edi;;MATSUI PITING GANTUNG KOMBINASI @12;PCS;;4500;6000;;
805;541;edi;;MATSUI STEKER HITAM @ 30;PCS;;1350;2000;;
806;542;edi;;MATSUI CONTRA STEKER PUTIH @30;PCS;;1450;2000;;
807;543;edi;;MATSUI SAKLAR GANTUNG @24;PCS;;2500;3500;;
808;545;edi;;PITING PLAPON MYVO @20;PCS;;2750;5000;;
809;5451;edi;;MYVO PITING PLAPON SEGI @20;PCS;;3000;3500;;
810;546;edi;;PITING PLAPON MIKOTEK @24;PCS;;3250;5000;;
811;547;edi;;PITING GANTUNG PAGODA @50;PCS;;1850;3000;;
812;5471;cm;;VISALUX PITING GANTUNG KOMBINASI@12;PCS;;6000;8500;;
813;548;edi;;SAKLAR GANTUNG MIKOTEK @48;PCS;;1850;3000;;
814;550;Iind;;STEKER ARDE HADE;PCS;;2500;5000;;
815;551;edi;;STEKER PUTIH GEPENG @30;PCS;;1150;1750;;
816;552;edi;;STEKER PUTIH GEPENG @30;PCS;;1150;2000;;
817;553;edi;;STEKER ARDE KYOWA @24;PCS;;2500;5000;;
818;5531;edi;;STEKER ARDE BRIGHT @24;PCS;;3000;5000;;
819;560;edi;;CAHAYA STOP LB2 ARDE@16;PCS;;6050;7500;;
820;561;edi;;CAHAYA STOP LB3 ARDE@16;PCS;;7550;9500;;
821;562;edi;;CAHAYA STOP LB4 ARDE@16;PCS;;9250;12500;;
822;563;edi;;CAHAYA STOP LB1 ARDE@12;PCS;;4500;6000;;
823;564;edi;;MYVO STOP KONTAK LUBANG 2 SAKLAR;PCS;;6500;10500;;
824;566;edi;;TESPEN KECIL VONIC @30;PCS;;1850;3000;;
825;5661;edi;;TESPEN BESAR MTR 558 @12;PCS;;8000;10000;;
826;5662;a m aman;;TESTEN AMERIKA MAGNET 2 WAY;PCS;;6667;8000;;
827;5663;edi;;TESPEN BB KECIL MTR@20;PCS;;0;3000;;
828;567;edi;;TESPEN BB BESAR VALESCOM 9183 @12;PCS;;5000;7500;;
829;5671;edi;;TESPEN BB BESAR SENGWEI@10;PCS;;5000;7500;;
830;5672;a m aman;;OBENG AMERIKA STLN @12;PCS;;3750;7500;;
831;5673;a m aman;;OBENG HDT 4'' @12;PCS;;3500;5000;;
832;5674;a m aman;;OBENG KODAI 6'';PCS;;11500;11500;;
833;5675;edi;;TESPEN BB LANGGENG/SW@12;PCS;;5500;7500;;
834;568;cm;;TESPEN PIOLINE KECIL;PCS;;2500;3500;;
835;569;cm;;PIOLINE TESPEN BESAR PL 8156;PCS;;4696;6500;;
836;570;edi;;BRIGHT SIKRING OTOMATIS 2A @10;PCS;;17500;20500;;
837;571;edi;;BRIGHT SIKRING OTOMATIS 4A @10;PCS;;17500;20500;;
838;572;edi;;BRIGHT SIKRING OTOMATIS 6A @10;PCS;;17500;20500;;
839;573;edi;;BRIGHT SIKRING OTOMATIS 10A @10;PCS;;17500;20500;;
840;574;edi;;BRIGHT SIKRING OTOMATIS 20A @10;PCS;;17500;25000;;
841;575;edi;;BARNER TIPIS;PCS;;4500;10000;;
842;576;edi;;BARNER KOMPOR TEBAL/KUNINGAN;PCS;;9500;15000;;
843;5761;edi;;BARNER KOMPOR KUNINGAN ORI;PCS;;21000;27500;;
844;577;edi;;BRIKET TV P0ELOR;PCS;;38500;45000;;
845;578;edi;;STIK LAMPU HOKISUN;PCS;;29500;37500;;
846;579;cm;;STIK LAMPU SURYA;PCS;;36000;40000;;
847;5791;edi;;STIK LAMPU;PCS;;29000;45000;;
848;583;edi;;ENTER KABEL RCA 2 PLAY 2+2 TRANSPARAN 1,8M;PCS;;3500;6000;;
849;584;edi;;ENTER KABEL RCA 3 PLAI 3+3 TYRANSPARAN 1,8M;PCS;;5750;8500;;
850;585;edi;;ENTER KABEL RCA 2+1 TRANSPARAN 1,8M;PCS;;3500;6000;;
851;585;edi;;ENTER KABEL RCA 2+1 TRANSPARAN @40;PCS;;3750;5500;;
852;586;edi;;JEK TIP 8 SW;PCS;;3750;6000;;
853;587;edi;;KABEL JEK KOMPUTER/MAJIC COM;PCS;;8500;12500;;
854;5871;edi;;KABEL JEK MAJIC COM/KOMPUTER;PCS;;7500;11500;;
855;588;edi;;JEK TIP BUNTUNG 1,8M;PCS;;3750;6000;;
856;589;edi;;KALKULATOR SEDANG ROYAL 5128;PCS;;25000;30000;;
857;590;cm;;PIOLINE KABEL RCA 2+1 1,5M TRANSPARAN;PCS;;4292;6000;;
858;591;cm;;PIOLINE KABEL RCA 3+3 1,5M TRANSPARAN;PCS;;7575;8500;;
859;592;edi;;KAP IJO E27;PCS;;5500;10500;;
860;593;cm;;KAP IJO E27 + PITING GANTUNG KOMPLIT;PCS;;10500;17500;;
861;5931;cm;;TRAPO TL 36W/40W SINAR;PCS;;40000;45000;;
862;5932;cm;;PHILIPS TL 36W;PCS;;25000;30000;;
863;5933;cm;;PHILIUPS TL 18W;PCS;;23500;27500;;
864;5934;cm;;PHILIPS TL 18W;PCS;;23500;27500;;
865;594;edi;;PITING GANTUNG E27 KAP IJO;PCS;;4000;8500;;
866;595;edi;;PITING GANTUNG BESI E27 KAP IJO;PCS;;6500;9500;;
867;596;edi;;PITING GANTUNG E27 KAP IJO;PCS;;4000;7500;;
868;600;virgo;;KAPASITOR BULAT 6 UF;PCS;;9500;12500;;
869;601;virgo;;KAPASITOR BULAT 8UF;PCS;;9750;12500;;
870;602;virgo;;KAPASITOR BULAT 10 UF;PCS;;10000;13500;;
871;603;virgo;;KAPASITOR BULAT 12 UF;PCS;;11500;15000;;
872;6031;usaha jaya tehnik;;KAPASITOR BULAT 14 UF;PCS;;12000;16000;;
873;6032;usaha jaya tehnik;;KAPASITOR BULAT 14 UF;PCS;;12000;17500;;
874;604;virgo;;KAPASITOR KOTAK 1,5 UF;PCS;;2500;5000;;
875;605;virgo;;KAPASITOR KOTAK 4UF;PCS;;5250;8000;;
876;6051;virgo;;KAPASITOR KOTAK 5UF;PCS;;4749;8500;;
877;606;virgo;;KAPASITOR KOTAK 6UF;PCS;;9500;12500;;
878;607;virgo;;KAPASITOR KOTAK 8 UF;PCS;;8000;12500;;
879;608;virgo;;KAPASITOR KOTAK 10UF;PCS;;10500;13500;;
880;609;virgo;;TINOL PARAGON 10M;PCS;;17500;20500;;
881;610;virgo;;TINOL PARAGON 1/4KG;PCS;;95000;105000;;
882;611;virgo;;SELANG MESIN CUCI;PCS;;8500;11500;;
883;612;virgo;;SELANG MESIN CUCI PUTIH /TARIK;PCS;;9000;13500;;
884;613;virgo;;SOLDER VISERO 40W PVC;PCS;;9000;12500;;
885;614;virgo;;SOLDER KAYU 40W;PCS;;9000;12500;;
886;615;virgo;;SAKLAR BUSTER HITAM;PCS;;700;1500;;
887;616;virgo;;SAKLAR BUSTER LAMPU KECIL;PCS;;1500;2000;;
888;617;virgo;;SAKLAR BUSTER LAMPU BESAR;PCS;;2500;3500;;
889;618;virgo;;BUSTER BAWAH MONTANA;PCS;;23000;30000;;
890;6181;cm;;BUSTER DX 9900 PF;PCS;;110000;120000;;
891;6182;Iind;;BUSTER KOMPLIT TOYOSAKI;PCS;;55000;67500;;
892;630;edi;;COSCO MINILAMP;PCS;;7000;8500;;
893;631;edi;;CHINT NCB 3 PASE 40A;PCS;;97000;135000;;
894;632;edi;;CHINT NCB 3 PASE 50A;PCS;;97000;135000;;
895;633;edi;;CHINT NCB 3 PASE 63A;PCS;;97000;135000;;
896;634;edi;;SZMR NCB 3 PASE 40A;PCS;;45000;75000;;
897;635;edi;;SZMR NCB 3 PASE 50A;PCS;;45000;75000;;
898;636;edi;;SZMR NCB 3 PASE 63A;PCS;;45000;75000;;
899;640;edi;;SOLDER SENGWAI 40W;PCS;;14000;18500;;
900;641;Iind;;SOLDER KYOWA 40W;PCS;;8500;11500;;
901;6411;Iind;;SOLDER TOPUDA 80W;PCS;;25000;35000;;
902;6412;edi;;SOLDER AMERIKA;PCS;;14000;20000;;
903;646;edi;;LEXICON PLC 3U 18W;PCS;;9000;15000;;
904;647;edi;;LEXICON PLC 3U 23W;PCS;;9000;15000;;
905;648;edi;;LEXICON PLC SPIRAL 12W;PCS;;10000;15000;;
906;649;edi;;LEXICON PLC SPIRAL 15W;PCS;;10000;20000;;
907;650;edi;;LEXICON PLC SPIRAL 24W;PCS;;12000;25000;;
908;651;edi;;LEXICON PLC SPIRAL 45W;PCS;;25000;40000;;
909;653;cm;;HANOCHS LED 5W SONIC;PCS;;12750;17500;;
910;654;cm;;HANOCHS LED 9W SONIC;PCS;;18792;22500;;
911;655;cm;;HANOCHS LED 12W SONIC;PCS;;22551;27500;;
912;656;cm;;HANOCHS LED 15W SONIC;PCS;;28659;33500;;
913;657;cm;;HANOCHS LED 20W SONIC;PCS;;36800;42500;;
914;658;cm;;HANOCHS PLC 45W;PCS;;61500;70000;;
915;6581;edi;;HANOCHS MAJIC LED 18W;PCS;;130000;135000;;
916;6582;cm;;HANOCHS LED 25W SONIC;PCS;;52000;60000;;
917;6583;cm;;HANOCHS LED 30W SONIC;PCS;;69000;80000;;
918;660;cm;;CHIYODA PS47 5W;PCS;;4100;4850;;
919;661;cm;;CHIYODA PS55 10W;PCS;;4850;5850;;
920;662;cm;;CHIYODA PS55 15W;PCS;;4850;5850;;
921;663;cm;;CHIYODA PS55 25W;PCS;;4850;5850;;
922;664;cm;;CHOYODA PS55 40W;PCS;;4850;6000;;
923;665;cm;;CHIYODA PS55 60W;PCS;;5000;6500;;
924;666;cm;;CHIYODA PS55 75W/100W;PCS;;6000;7500;;
925;6661;edi;;LAMPU KULKAS E12 @50;PCS;;1750;2500;;
926;6662;edi;;LAMPU KULKAS E14 @50;PCS;;1850;2750;;
927;6663;cm;;LAMPU KULKAS LED E12;PCS;;11500;13500;;
928;6664;cm;;LAMPU KULKAS LED E14;PCS;;11500;13500;;
929;6667;cm;;LAMPU JALAN E27 KAWACHI;PCS;;68500;88500;;
930;6668;cm;;LAMPU TAMAN DIAMAS TF 3K;PCS;;159000;175000;;
931;667;cm;;ELEKTRA 5W PS47@100;PCS;;3500;4000;;
932;669;cm;;SENTER CAS SURYA SYT L015;PCS;;21300;25000;;
933;670;cm;;SENTER CAS SURYA SHT L3W+10LED SEDANG;PCS;;45000;50000;;
934;6701;cm;;SENTER CAS SURYA SHT L15+12 LED BESAR;PCS;;75900;90000;;
935;6702;edi;;MATSUGI SENTER CAS KECIL;PCS;;11500;14500;;
936;671;cm;;EMERGENCY SURYA SHL L3507N;PCS;;100000;112500;;
937;672;cm;;EMERGENCY SURYA SHL L3903;PCS;;73800;87500;;
938;673;cm;;SENTER KEPALA SURYA SYH L155L/15W/PTH;PCS;;55000;65000;;
939;674;cm;;SENTER KEPALA SURYA L611BL/6W;PCS;;65000;75000;;
940;6741;cm;;SURYA SENTER KEPALA SYH L155C/15W PTH;PCS;;29000;35000;;
941;6742;cm;;SURYA SENTER KEPALA SYH L155R-SELAM/15W PTH;PCS;;76300;90000;;
942;6743;cm;;MEVAL SENTER KEPALA MHI-03A 3W/PTH;PCS;;42000;52500;;
943;680;cm;;PIOLINE LED BETA 5W;PCS;;2754;3500;;
944;681;cm;;PIOLINE LED BETA 10W;PCS;;3600;4500;;
945;682;cm;;PIOLINE LED BETA 15W;PCS;;4500;5500;;
946;683;cm;;PIOLINE LED BETA 20W;PCS;;5550;6500;;
947;684;cm;;PIOLINE LED BETA 30W;PCS;;7350;8500;;
948;685;cm;;PIOLINE LED BETA 40W;PCS;;9499;12500;;
949;6851;Iind;;PIOLINE STOP LUBANG 2+KABEL 1,5M;PCS;;13500;15500;;
950;6852;Iind;;PIOLINE STOP LUBANG 3+KABEL 1,5M;PCS;;15000;16500;;
951;6853;Iind;;PIOLINE STOP LUBANG 4+KABEL 1,5M;PCS;;16500;17500;;
952;6854;Iind;;PIOLINE STOP LUBANG 2+KBL 3M;PCS;;15000;20000;;
953;6855;Iind;;PIOLINE STOP LUBANG 3+KBL 3M;PCS;;16000;22500;;
954;6856;Iind;;PIOLINE STOP LUBANG 4+KBL 3M;PCS;;16500;24500;;
955;6857;Iind;;PIOLINE STOP LUBANG 5+KBL 3M;PCS;;17500;26500;;
956;700;edi;;TAKASIMURA LED 5W;PCS;;2350;2750;;
957;701;edi;;TAKASIMURA LED 10W;PCS;;2900;3750;;
958;703;edi;;TAKASIMURA LED 15W;PCS;;3650;4750;;
959;704;edi;;TAKASIMURA LED 20W;PCS;;4700;5750;;
960;706;edi;;TAKASIMURA LED 30W;PCS;;5700;7000;;
961;707;edi;;TAKASIMURA LED 40W;PCS;;7100;9000;;
962;708;edi;;TAKASIMURA LED 5W;PCS;;2350;3000;;
963;709;edi;;TAKASIMURA LED 10W;PCS;;2900;4000;;
964;710;edi;;TAKASIMURA LED 15W;PCS;;3650;5000;;
965;711;edi;;TAKASIMURA LED 20W;PCS;;4700;6000;;
966;712;edi;;TAKASIMURA LED 30W;PCS;;5700;7500;;
967;713;edi;;TAKASIMURA LED 40W;PCS;;7100;10000;;
968;714;edi;;TAKASIMURA LED 5W;PCS;;2350;3500;;
969;715;edi;;TAKASIMURA LED 10W;PCS;;2900;4500;;
970;716;edi;;TAKASIMURA LED 15W;PCS;;3650;5500;;
971;7161;edi;;TAKASIMURA LED 15W;PCS;;3650;5500;;
972;717;edi;;TAKASIMURA LED 20W;PCS;;4700;6500;;
973;718;edi;;TAKASIMURA LED 30W;PCS;;5700;8000;;
974;719;edi;;TAKASIMURA LED 40W;PCS;;7100;11500;;
975;720;Iind;;TINTIN LED 5W;PCS;;3000;3500;;
976;721;Iind;;TINTIN LED 10W;PCS;;4000;5000;;
977;722;Iind;;TINTIN LED 15W;PCS;;5100;6000;;
978;723;Iind;;TINTIN LED 20W;PCS;;6000;7000;;
979;724;Iind;;TINTIN LED 30W;PCS;;8000;10000;;
980;725;Iind;;TINTIN LED 40W;PCS;;10000;13500;;
981;730;Iind;;NEW PALAS NCB 2A;PCS;;9000;12500;;
982;7301;Iind;;MCB 2A NEW PALAS @12;PCS;;9000;9250;;
983;73011;Iind;;NCB 2A NEW PALAS;PCS;;9000;10000;;
984;731;Iind;;NEW PALAS NCB 4A;PCS;;9000;12500;;
985;732;Iind;;NEW PALAS NCB 6A;PCS;;9000;12500;;
986;733;Iind;;NEW PALAS NCB 10A;PCS;;9000;12500;;
987;734;Iind;;NEW PALAS NCB 16A;PCS;;9000;12500;;
988;7341;cm;;NCB 2A @12;PCS;;18500;25000;;
989;7342;cm;;NCB 2A @12;PCS;;18500;27500;;
990;7344;cm;;BRIGHT NCB 4A @12;PCS;;12500;15500;;
991;7345;cm;;BRIGHT NCB 6A @12;PCS;;12500;15500;;
992;7346;cm;;BRIGHT NCB 10A @12;PCS;;12500;15500;;
993;7349;cm;;NCB NEW PALAS 20A/25A;PCS;;8000;12500;;
994;7373;cm;;BRIGHT NCB 2A @12;PCS;;12500;15500;;
995;750;Iind;;SIKRING OTOMATIS NEW PALAS 2A;PCS;;12500;15000;;
996;751;Iind;;SIKRING OTOMATIS NEW PALAS 4A;PCS;;12500;15000;;
997;752;Iind;;SIKRING OTOMATIS NEW PALAS 6A;PCS;;12500;15000;;
998;753;Iind;;SIKRING OTOMATIS NEW PALAS 10A;PCS;;12500;15000;;
999;754;Iind;;SIKRING OTOMATIS NEW PALAS 16A;PCS;;12500;15000;;
1000;7541;Iind;;STATER OKACHI @25;PCS;;2000;3500;;
1001;7542;Iind;;SIKRING BATU 6A @25;PCS;;1765;2750;;
1002;780;cm;;DONLET PANEL PIOLINE 3,5''/6W;PCS;;17000;22500;;
1003;7801;Iind;;DONLET 3,5'' CHAKASU @10;PCS;;19000;23500;;
1004;7802;Iind;;DONLET 4'' CHAKASU;PCS;;23500;28500;;
1005;7805;cm;;PIOLINE DONLET PANEL 18W IB;PCS;;36000;45000;;
1006;797;cm;;STARTING GREET 1500;PCS;;25000;30000;;
1007;800;cm;;ETERNA NYM 2X1,5 50M@5;PCS;;470000;510000;;
1008;8001;cm;;ETERNA NYM 2X1,5 50M @5;PCS;;470000;505000;;
1009;80011;edi;;ANTRONA NYA 1,5 50Y KUNINGAN;PCS;;72000;95000;;
1010;802;cm;;ETERNA NYM 3X1,5 50M;PCS;;622565;645000;;
1011;803;cm;;ETERNA NYM 2X2,5 50M;PCS;;691380;725000;;
1012;804;cm;;ETERNA NYM 3X2,5 50M;PCS;;899208;950000;;
1013;805;cm;;ETERNA NYM 3X4 50M;PCS;;1437500;1500000;;
1014;806;cm;;ETERNA NYM 2X1,5 50M;PCS;;470000;485000;;
1015;807;edi;;KABEL SERGANT NYM 2X1,5 50Y;PCS;;106000;160000;;
1016;8071;edi;;KABEL NYM 2X1,5 50Y SERGANT @5;PCS;;106000;115000;;
1017;808;edi;;KABEL C88 NYM 2X1,5 50Y;PCS;;110000;160000;;
1018;809;edi;;KABEL STAR NYM 2X1,5 200Y;PCS;;277000;350000;;
1019;810;edi;;KABEL C88 NYM 2X1,5 200Y;PCS;;495500;550000;;
1020;811;edi;;KABEL HYO 2X0,75 HITAM 50Y PROVI;PCS;;125000;175000;;
1021;812;edi;;KABEL HYO 2X1,5 50Y C88 HITAM;PCS;;87000;125000;;
1022;8121;edi;;KABEL HYO 2X1,5 50M HITAM SUPRA/PROVI;PCS;;164000;250000;;
1023;813;edi;;KABEL SIMAS NYM 2X1,5 50Y;PCS;;239000;285000;;
1024;8130;edi;;PROVI KABEL NYM 2X1,5 50Y;PCS;;210000;255000;;
1025;8131;edi;;KABEL NYM 2X1,5 200Y SIMAS;PCS;;956000;976000;;
1026;8132;edi;;KABEL NYM 3X1,5 50Y SIMAS TEMBAGA ASLI;PCS;;325000;350000;;
1027;8133;edi;;KABEL NYM 3X1,5 50Y C88;PCS;;145000;195000;;
1028;8134;edi;;KABEL NYM 2X1,5 50 PROVI;PCS;;210000;275000;;
1029;814;edi;;SHIMURA 5C+JEK 20Y;PCS;;20000;30000;;
1030;815;edi;;LAKU KABEL TRANSPARAN 2X30 100Y;PCS;;67000;125000;;
1031;816;edi;;LAKU KABEL TRANSPARAN 2X50 100Y;PCS;;87000;150000;;
1032;8161;edi;;LAKU KBL TRANSPARAN 2X50 50Y;PCS;;48000;85000;;
1033;817;edi;;LAKU KABEL TRANSPARAN 2X80 100Y;PCS;;123000;175000;;
1034;818;edi;;LAKU KABEL TRANSPARAN 2X80 100Y;PCS;;123000;200000;;
1035;819;edi;;LAKU KABEL TRANSPARAN 2X120 100Y;PCS;;147000;225000;;
1036;8191;edi;;MYVO KABEL TRANSPARAN 2X120 100Y;PCS;;151000;200000;;
1037;8192;a m aman;;WD KABEL TRANSPARAN 2X50 100Y;PCS;;93500;150000;;
1038;820;Iind;;KABEL DAITO NYM 2X1,5 50Y;PCS;;55000;75000;;
1039;8201;Iind;;KABEL DAITO NYM 2X1,5 200Y;PCS;;245000;275000;;
1040;8202;Iind;;KABEL DAITO NYM 2X1,5 200Y;PCS;;245000;350000;;
1041;8203;Iind;;DAITO NYM 2X1,5 10M;PCS;;13500;25000;;
1042;821;Iind;;KABEL DION NYM 2X1,5 50Y;PCS;;55000;70000;;
1043;822;z bintang jaya;;KABEL DRAGON NYM 2X1,5 50Y;PCS;;58000;75000;;
1044;823;z bintang jaya;;KABEL DRAGON NYM 2X1,5 200Y;PCS;;265000;350000;;
1045;824;cm;;INTERKARINDO TRANSPARAN 2X30 25M;PCS;;29000;35000;;
1046;825;cm;;INTERKARINDO TRANSPARAN 2X50 25M;PCS;;35500;45000;;
1047;826;cm;;INTERKARINDO TRANSPARAN 2X80 25M;PCS;;45000;60000;;
1048;827;cm;;INTERKARINDO TRANSPARAN 2X30 90M;PCS;;105000;140000;;
1049;828;cm;;INTERKARINDO TRANSPARAN 2X50 90M;PCS;;139000;175000;;
1050;829;cm;;INTERKARINDO TRANSPARAN 2X80 90M;PCS;;158500;209000;;
1051;8291;edi;;MITECH KABEL TRANSPARAN 2X30 50Y;PCS;;35000;65000;;
1052;8292;edi;;HAKAMITSU TRANSPARAN 2X120 90M;PCS;;175000;225000;;
1053;8293;cm;;KABEL TRANSPARAN 2X80 250M INT;PCS;;475000;575000;;
1054;830;cm;;KITANI NYA 1X1,5 50M;PCS;;155000;170000;;
1055;8301;cm;;KITANI NYM 2X1,5 50M;PCS;;407500;425000;;
1056;850;cm;;ANTENA INTRA 5C+JEK 13M;PCS;;71000;77500;;
1057;851;cm;;ANTENA DIGITAL PAKDE AP 555;PCS;;56000;65000;;
1058;851;cm;;ANTENA DIGITAL PAKDE AP550;PCS;;45000;50000;;
1059;852;edi;;ANTENA REMOTE SANEX;PCS;;120000;130000;;
1060;853;cm;;ANTENA REMOTE PF 850;PCS;;94000;115000;;
1061;8531;edi;;REMOTE TV MUTY VISERO;PCS;;15500;20000;;
1062;8532;edi;;REMOTE TV JOKER;PCS;;15000;20000;;
1063;8533;virgo;;REMOTE TV RETIVE MULTY RTV-14;PCS;;16000;20500;;
1064;854;cm;;ANTENA DIGITAL PAKDE AP555;PCS;;56000;60000;;
1065;860;cm;;KIPAS GANTUNG 8W ARASI;PCS;;18500;25000;;
1066;861;cm;;KIPAS GANTUNG 12W ARASI;PCS;;24000;30000;;
1067;862;cm;;KIPAS GANTUNG 15W ARASI;PCS;;29000;35000;;
1068;863;cm;;KIPAS GANTUNG ARASI 20W;PCS;;39500;45000;;
1069;864;cm;;KIPAS GANTUNG ARASI 35W;PCS;;52000;60000;;
1070;865;cm;;KIPAS SOGO WALFAN 16''M 1688 MASTAP;PCS;;107000;130000;;
1071;866;cm;;KIPAS SOGO STANFAN 16'' SG 160H MASTAP;PCS;;109500;130000;;
1072;8661;cm;;KIPAS KARAKTER 8'' PROPAN;PCS;;50000;65000;;
1073;870;cm;;B-FAN 8'' PROPAN RDF 820;PCS;;50000;60000;;
1074;880;Iind;;PAKU KLEM NO 7 YOKO;PCS;;1000;1750;;
1075;886;Iind;;PAKU KLEM NO 8 YOKO;PCS;;1050;1750;;
1076;887;Iind;;PAKU KLEM NO 9 YOKO;PCS;;1100;1850;;
1077;888;Iind;;PAKU KLEM NO 10 YOKO;PCS;;1150;1850;;
1078;889;cm;;PAKU KLEM BETON NO 7 HK;PCS;;2000;3500;;
1079;890;cm;;PAKU KLEM BETON NO 8 HK;PCS;;2050;3500;;
1080;891;aman;;PAKU KLEM BETON NO 9 HK;PCS;;2100;3750;;
1081;892;cm;;PAKU KLEM BETON NO 10 HK;PCS;;2150;4000;;
1082;893;cm;;PAKU KLEM BETON NO 10 UTAMA;PCS;;3750;5500;;
1083;8931;cm;;UTAMA PAKU KLEM NO 8;PCS;;3000;3750;;
1084;8932;cm;;UTAMA PAKU KLEM NO 9;PCS;;3200;4000;;
1085;8933;cm;;UTAMA PAKU LEM NO 10;PCS;;3200;4000;;
1086;8935;cm;;UTAMA PAKU KLEM NO 14;PCS;;9500;11500;;
1087;894;cm;;PAKU KLEM BETON NO 12 HK;PCS;;2600;5000;;
1088;895;Iind;;PAKU KLEM BETON NO 17 HK;PCS;;8000;12500;;
1089;896;cm;;PAKU KLEM BETON NO 22 HK;PCS;;12500;20000;;
1090;897;cm;;KLEM KABEL 1/2'';PCS;;250;600;;
1091;898;agung;;KARUNG MULYANA 25KG;PCS;;1500;1750;;
1092;899;agung;;KARUNG MULYANA 5KG;PCS;;1000;1250;;
1093;900;aman;;KARUNG MULYANA HIJAU 10KG;BOX;;950000;1075000;;
1094;901;aman;;KARUNG MULYANA HIJAU 5 KG;PCS;;800000;900000;;
1095;902;aman;;KARUNG MULYANA HIJAU 25 KG;PCS;;1150000;1250000;;
1096;903;aman;;BENANG  KARUNG CAP SEPEDA;PAK;;60000;65000;;
1097;9031;agung;;KARPET LANTAI DAIMARU 25M SERAT JATI;PCS;;210000;230000;;
1098;904;a m aman;;BENANG CAP SEPEDA;PAK;;25500;27500;;
1099;905;a m aman;;FOOTKLEP 1/2'' ELFA HITAM;PAK;;40000;45000;;
1100;906;a m aman;;FOOTKLEP 3/4'' ELFA HITAM;PAK;;45000;50000;;
1101;906;a m aman;;FOOTKLEP 3/4'' ELFA HITAM;PAK;;45000;55000;;
1102;907;a m aman;;FOOTKLEP 3/4'' BEST;PCS;;9750;11500;;
1103;908;a m aman;;FOOTKLEP 3/4'' HANJEN;PCS;;9500;10500;;
1104;909;a m aman;;FOOTKLEP 3/4'' ELFA JUMBO;PCS;;9750;11500;;
1105;911;a m aman;;BAK KUPING HITAM;PCS;;11000;12000;;
1106;9110;a m aman;;KAPE PVC 5'' @12;PAK;;7200;8500;;
1107;9111;a m aman;;KAPE PVC 7''' @12;PAK;;11400;13500;;
1108;9112;a m aman;;KAPE PVC 9'' @12;PAK;;14999;17499;;
1109;9113;a m aman;;BAK CET;PCS;;4175;5000;;
1110;9115;a m aman;;HAK ANGIN VPR  @24;PAK;;50000;60000;;
1111;9116;a m aman;;HAK ANGIN EIFEL KOTAK;PAK;;135000;160000;;
1112;912;a m aman;;EMBER HITAM TIGA RODA 14;PCS;;4500;5000;;
1113;913;a m aman;;EMBER HITAM SAP 14'';PCS;;5250;5750;;
1114;914;a m aman;;EMBER BESAR TOGA RODA 18;PCS;;8500;9000;;
1115;915;a m aman;;EMBER BESAR SAP 18;PCS;;9000;10000;;
1116;918;a m aman;;AQUA PROOP ABU ABU @12;PCS;;52850;55000;;
1117;920;a m aman;;GRENDEL PER 2'';PAK;;23500;27500;;
1118;9201;a m aman;;GRENDEL PER 2'' COKLAT;PAK;;23500;27500;;
1119;9202;a m aman;;GRENDEL PER 2'' PUTIH;PAK;;23500;27500;;
1120;9203;a m aman;;GRENDEL HITAM KZK 3'' @12;PAK;;20000;30000;;
1121;9204;a m aman;;GRENDEL HITAM KZK 4'' @12;PAK;;25000;36000;;
1122;9205;a m aman;;GRENDEL HITAM KZK 2'';PAK;;19999;25000;;
1123;925;a m aman;;SIKAT KAWAT KUNINGAN @12;PAK;;70000;90000;;
1124;9251;a m aman;;SIKAT KAWAT GRT @12;PAK;;40000;60000;;
1125;926;a m aman;;OVERVAL CLEAR 2'';PAK;;15500;18500;;
1126;9261;a m aman;;OVERPAL CLEAR 3'';PAK;;16500;20000;;
1127;9262;a m aman;;OVERPAL CLEAR 4'';PAK;;15500;19000;;
1128;9263;a m aman;;OVERPAL CLEAR 5'';PAK;;14500;17500;;
1129;930;a panda;;PENSIN GAMBAR WARNA K VANCO;PCS;;4150;6000;;
1130;9301;a panda;;PENSIL GAMBAR WARNA B JOYKO;PCS;;8500;11500;;
1131;9304;a panda;;PAKU PAYUNG ATM;PAK;;5500;7500;;
1132;9305;a panda;;TISU PASEO BANTAL;PCS;;6000;8500;;
1133;9306;a panda;;LAYANG PLASTIK @50;PCS;;600;750;;
1134;9455;Iind;;PIOLINE STOP LB 4 ARDE@12;PCS;;8500;12500;;
1135;950;Iind;;TALI RIPET 200MM H/P;PCS;;8500;13500;;
1136;951;Iind;;TALI RIPET 250MM H/P;PCS;;10500;16000;;
1137;960;edi;;ABC A2 BIRU;PAK;;54000;57500;;
1138;961;edi;;ABC POWER A3;PAK;;21500;27500;;
1139;962;edi;;ABC KOTAK 9V;PCS;;12000;15000;;
1140;964;edi;;ABC ALKALINE A2;PCS;;12250;15000;;
1141;965;edi;;ABC ALKALINE A3;PCS;;12250;15000;;
1142;966;a panda;;ABC BIRU A2;PCS;;52500;57500;;
1143;967;a panda;;ABC POWER A3;PAK;;22500;27000;;
1144;968;Iind;;CAISAR SELANG KOMPLIT;PCS;;55000;60000;;
1145;9681;Iind;;CAISAR SELANG KOMPLIT;PCS;;55000;65000;;
1146;9682;Iind;;CAISAR REGULATOR AMPER;PCS;;33500;37500;;
1147;9683;Iind;;TOP GAS REGULATOR AMPER;PCS;;42500;47500;;
1148;9685;edi;;GASTRON SELANG KOMPLIT;PCS;;53000;63000;;
1149;9687;edi;;GASTRON SELANG POLOS;PCS;;23500;30000;;
1150;970;edi;;STOP BOX LUBY;PCS;;135000;175000;;
1151;971;cm;;STOP BOK MATRIX;PCS;;230000;250000;;
1152;972;edi;;STOP BOK MYVO;PCS;;110000;150000;;
1153;973;edi;;STOP BOK SANEX;PCS;;125000;150000;;
1154;974;edi;;STOP BOX TWINDOG;PCS;;110000;150000;;
1155;975;cm;;STOP BOK SOGO;PCS;;130000;150000;;
1156;976;Iind;;STOP BOK PIOLINE;PCS;;125000;150000;;
1157;9761;cm;;PIOLINE LAMPU TEMBAK BIG PWR 50W NANO;PCS;;51000;60000;;
1158;9762;cm;;PIOLINE LAMPU TEMBAK 20W;PCS;;33500;35000;;
1159;9763;Iind;;PIOLINE STOP LB 2 ARDE @20;PCS;;6000;7500;;
1160;9764;Iind;;PIOLINE STOP LB 3 ARDE;PCS;;8000;10000;;
1161;9765;Iind;;PIOILINE SAKLAR ENGKEL IB @12;PCS;;3500;5000;;
1162;977;Iind;;TUMBAK ARDE;PCS;;30000;50000;;
1163;978;edi;;STOP BOX LUBY ,;PCS;;135000;165000;;
1164;9781;cm;;DONGLE MATRIK;PCS;;32500;45000;;
1165;979;edi;;STOP BOX TWINDOG,;PCS;;110000;140000;;
1166;9791;cm;;STOP BOX MATRIX MERAH;PCS;;230000;255000;;
1167;9792;cm;;REMOTE STB MATRIX;PCS;;17000;20000;;
1168;985;cm;;RAKET YAMUK CAS STARK STK 007;PCS;;36000;40000;;
1169;986;cm;;RAKET YAMUK CAS STARK 001;PCS;;39000;45000;;
1170;987;cm;;RAKET YAMUK CAS STARK 006;PCS;;48500;53500;;
1171;990;cm;;LAMPU DISCO 28LED ATN BINTANG;PCS;;27000;35000;;
1172;991;cm;;LAMPU DISCO 40LP LED PIOLINE;PCS;;14000;17500;;
1173;992;cm;;LAMPU DISCO 40LP LED WARNA WARNI PIOLINE;PCS;;15000;17500;;
1174;9921;virgo;;LAMPU LED 5MM BIRU,HIJAU,KUNING,MERAH/KECIL;PCS;;100;250;;
1175;994;cm;;KABEL STRIKA OTOMATIS GEPENG BRIGHT;PCS;;8500;12500;;
1176;995;cm;;KABEL STRIKA OTOMATIS STANDARD GEPENG;PCS;;17500;20500;;
1177;996;cm;;KABEL STRIKA OTOMATIS ARDE STANDARD;PCS;;18500;22500;;
1178;997;cm;;SHIYOKU KABEL STRIKA OTOMATIS GEPENG;PCS;;10500;12500;;
1179;998;cm;;SHIYOKU KABEL STRIKA OTOMATIS ARDE;PCS;;14500;18500;;
1180;999;cm;;KABEL STRIKA OTOMATIS BRIGHT ARDE 2,5M;PCS;;14000;19500;;
